disturbing,1
licorice,1
refused,1
chefed,1
feverish,1
czech,1
republic,1
yaaas,1
dressing,1
gown,1
raging,1
mater,1
partners,1
cece,1
arrangement,1
genderhouse,1
retrospective,1
exhibit,1
dba,1
digibank,1
dsb,1
rip,1
haua,1
steesful,1
nordvpn,1
sander,1
wlsebbb,1
touuu,1
backh,1
whet,1
ewe,1
yehi,1
hahahahahahahahahau,1
walkinf,1
tryi,1
whyo,1
carss,1
tonights,1
sto,1
takeout,1
seeeeeee,1
panini,1
burritos,1
foots,1
achilles,1
kqkkv,1
tailgate,1
girlsc,1
hostages,1
blur,1
range,1
websity,1
thisll,1
att,1
philipe,1
rwnbahtc,1
grossed,1
mono,1
runny,1
snotty,1
tear,1
baller,1
exercising,1
equally,1
solar,1
congested,1
slapping,1
haynik,1
packets,1
cellular,1
workiing,1
joined,1
symbol,1
sim,1
mylebara,1
expire,1
sicccckkk,1
noooooooooooo,1
karma,1
vhp,1
pukped,1
fuess,1
aroymgnbxuy,1
preparing,1
pedal,1
brake,1
baskets,1
straws,1
milkshake,1
frosty,1
fil,1
yesssss,1
leggo,1
smooth,1
tire,1
liiiiit,1
supermarket,1
oreo,1
snip,1
ties,1
mejin,1
jazz,1
maths,1
margs,1
luigi,1
kr,1
shoukd,1
stationary,1
guru,1
neeeedrd,1
disposal,1
float,1
vendors,1
gus,1
sling,1
onions,1
blisters,1
canttttttt,1
applewatch,1
connecting,1
active,1
hardy,1
durable,1
thinkfitbit,1
vivosmart,1
toss,1
smartwatch,1
tracker,1
wach,1
cube,1
sorrry,1
roast,1
peru,1
togo,1
emoji,1
vsre,1
smoking,1
inhaling,1
slowing,1
beating,1
enrolled,1
masters,1
section,1
wingman,1
fitbits,1
elgiganteen,1
bip,1
bk,1
sqvm,1
yeahbery,1
abandoned,1
situations,1
authorization,1
wimpy,1
butler,1
davies,1
drainage,1
crc,1
taylor,1
francis,1
fone,1
jusy,1
swag,1
motha,1
strawberry,1
constiner,1
flught,1
appalled,1
colleague,1
touching,1
yuuup,1
neti,1
pot,1
spare,1
tomatoes,1
cilantro,1
jalape,1
os,1
aldo,1
ida,1
celebration,1
shouse,1
hahahahapiwgrj,1
ofeaw,1
abcdefghijklmnopqrstuvwxyz,1
provocative,1
darker,1
parchment,1
spices,1
scavenge,1
resourceful,1
accommodate,1
abd,1
covers,1
charmer,1
maid,1
honor,1
celebrate,1
laura,1
darn,1
ethday,1
tat,1
actober,1
suh,1
wednesdaay,1
elizabeth,1
titles,1
whaat,1
awwwww,1
hczpkm,1
custody,1
thehealthymaven,1
getcreativejuice,1
bites,1
buttery,1
mmy,1
expidited,1
delivery,1
dingle,1
hahahahahahhaha,1
thinl,1
fancy,1
menus,1
giggle,1
blush,1
excitedly,1
wor,1
chester,1
shire,1
worcestershire,1
suk,1
episofr,1
traveltriangle,1
blog,1
turing,1
probation,1
eflar,1
uao,1
csnteen,1
japanese,1
shwarma,1
cick,1
barriers,1
pv,1
wig,1
equation,1
overplayed,1
ficked,1
whistling,1
siblingness,1
makea,1
deicison,1
thinner,1
supress,1
sppetite,1
grumoy,1
krabs,1
htb,1
wgi,1
tis,1
maze,1
runners,1
peope,1
cubby,1
compute,1
eceone,1
nrgilnr,1
rabbit,1
narwhal,1
expert,1
hunnus,1
anxieties,1
bxhmu,1
cumulative,1
idnication,1
quizzes,1
annoygin,1
crackers,1
arrhus,1
witness,1
resurgence,1
soso,1
lucked,1
practical,1
shirleys,1
translate,1
kong,1
tipsy,1
perso,1
frtb,1
tu,1
sprinted,1
shorry,1
mall,1
terminal,1
sxcited,1
probabky,1
liiiiiiit,1
flys,1
whatevers,1
easyjet,1
cphtxl,1
itin,1
weee,1
begter,1
complainer,1
thw,1
zodiac,1
diss,1
getto,1
flown,1
lattes,1
lauras,1
durning,1
istanbul,1
friemd,1
bunk,1
gtfo,1
swing,1
haze,1
lolz,1
relief,1
native,1
eeyuf,1
heater,1
yout,1
richard,1
exoected,1
massive,1
couldmt,1
themes,1
navy,1
servers,1
milluon,1
mid,1
crisis,1
leabey,1
ondumbass,1
clown,1
epedemic,1
clowns,1
salts,1
hahahhaaahhaahhaffashfdhasf,1
dhfiuahdfjahwe,1
aewhejhfda,1
awwwwwwwwwww,1
anymroe,1
shittiest,1
ldbs,1
hheheh,1
judhe,1
messaging,1
bestie,1
boo,1
comingt,1
goonddnight,1
hdhah,1
whtie,1
everythings,1
yah,1
rant,1
bow,1
apoologized,1
recovery,1
marching,1
drown,1
torso,1
disappeared,1
colored,1
discovered,1
efforts,1
sweaters,1
rewatch,1
fucmer,1
cryptic,1
kil,1
insist,1
saly,1
pq,1
nz,1
returant,1
drunks,1
guuuuurl,1
dora,1
guesd,1
truest,1
hahayoull,1
br,1
rlr,1
yjxuhj,1
zriqkz,1
jla,1
ycsvgvitdam,1
xfqdflc,1
somehong,1
roomie,1
jam,1
goat,1
chap,1
holla,1
generate,1
electricity,1
hyrdopower,1
breath,1
eoacrkzxjy,1
bester,1
gues,1
gush,1
paragraph,1
appry,1
gla,1
anythibg,1
insult,1
ebet,1
hel,1
processed,1
maniac,1
religiously,1
liter,1
denmakr,1
extend,1
hospitality,1
tense,1
verdict,1
salads,1
salas,1
lalh,1
kanya,1
detroit,1
elon,1
musk,1
squeezed,1
jackey,1
eryr,1
brandenburg,1
spilt,1
takin,1
style,1
glove,1
cracker,1
fvck,1
sanders,1
explode,1
verge,1
documentary,1
camous,1
peruse,1
deductive,1
kool,1
army,1
flatbush,1
mutual,1
quill,1
amuse,1
pixies,1
jdnrnrhsi,1
lien,1
oktboser,1
serrated,1
appologise,1
inbetweener,1
psycho,1
tigers,1
enormous,1
shady,1
remeber,1
loks,1
skin,1
smoothing,1
abstract,1
multimedia,1
suny,1
sundays,1
posters,1
dm,1
probate,1
overs,1
tues,1
spreadsheets,1
vcgqxppa,1
dfxi,1
plwvdbwswpljxj,1
vrslniuzaig,1
usp,1
quinoa,1
commenting,1
benefit,1
debate,1
altruism,1
deny,1
denies,1
edgar,1
allan,1
poes,1
hatred,1
gestures,1
thoughtfulness,1
copying,1
indication,1
piss,1
preferred,1
character,1
torn,1
bothered,1
mirys,1
housr,1
hornet,1
eww,1
african,1
wasps,1
hornets,1
friendshio,1
austin,1
specimen,1
guftst,1
climbed,1
greta,1
ohhhhhhh,1
stockholm,1
dip,1
mondayish,1
backdrop,1
gona,1
teammates,1
howdy,1
euker,1
poker,1
euchre,1
moxie,1
mozzie,1
girlfriends,1
lexapro,1
bestestest,1
fate,1
predetermined,1
curse,1
puffy,1
openers,1
seating,1
ahahaha,1
hous,1
crowd,1
surfed,1
relatively,1
parsley,1
comparison,1
thief,1
grapefruit,1
siblings,1
holes,1
nettos,1
ohhhi,1
oooooooooooooooooooooo,1
suuuuuuuucks,1
disgusting,1
appearance,1
sympathy,1
supirior,1
califlour,1
wired,1
assad,1
brett,1
justice,1
sexually,1
assaulting,1
justices,1
appoint,1
knowledgeable,1
abortion,1
overpopulated,1
unwanted,1
disturbed,1
gif,1
pause,1
democratic,1
jahahahhhaa,1
advocate,1
devils,1
stance,1
neutral,1
views,1
thingy,1
climby,1
political,1
customer,1
safely,1
fearing,1
bill,1
smoothly,1
 your,1
ceiling,1
datakontrol,1
eea,1
western,1
surf,1
contained,1
sincerely,1
alert,1
mezcal,1
tequilerias,1
deadline,1
dpeends,1
ahahahjdysndow,1
snacked,1
substance,1
whacks,1
grrrrrrrrate,1
offbrand,1
elegant,1
reykjavik,1
capital,1
helsinki,1
chesper,1
layover,1
auem,1
qq,1
lookit,1
helsingor,1
thy,1
tasked,1
traveled,1
shoupd,1
milly,1
delayy,1
burst,1
stains,1
pointless,1
thirst,1
bis,1
curiosity,1
crazyitie,1
encounters,1
aliens,1
unresponsive,1
ptfo,1
sufficiently,1
remdnbwe,1
postcards,1
stamps,1
soemthing,1
bear,1
acctually,1
okayo,1
oka,1
slacker,1
unsuccessful,1
annoyikng,1
hahahaa,1
cows,1
separated,1
ifffav,1
gifs,1
links,1
permission,1
accounts,1
dnt,1
wthem,1
thelocal,1
climate,1
kihtwjh,1
dumster,1
mop,1
silkish,1
gettet,1
getter,1
goodlooking,1
whereare,1
marinating,1
ache,1
marinate,1
condom,1
hem,1
bans,1
tourists,1
donkeys,1
reused,1
spill,1
stain,1
trt,1
restarting,1
yyieueyd,1
ieng,1
louqo,1
summut,1
lynby,1
likeits,1
companies,1
products,1
robot,1
empowering,1
society,1
value,1
conference,1
technologies,1
int,1
startup,1
artificial,1
intelligence,1
ahhaha,1
neatherlands,1
austria,1
netherlands,1
amsterdam,1
scratch,1
spamming,1
ethnicity,1
pickier,1
makeyou,1
appologize,1
hiit,1
dbog,1
pleasr,1
goidnutht,1
alohe,1
punky,1
bec,1
ipeny,1
expressive,1
bottling,1
bearable,1
berrated,1
uwere,1
bawl,1
ffffuuuxk,1
drag,1
clip,1
hakkemosen,1
teddy,1
venlig,1
hakkemosevej,1
taastrup,1
resekort,1
coffe,1
fuyuuuck,1
crankiness,1
wouldever,1
jeopardize,1
mea,1
mhhmmmm,1
nyhaven,1
litty,1
barbutrito,1
treated,1
absalonsgade,1
slower,1
temporada,1
stemporada,1
souls,1
ef,1
srestaurant,1
cc,1
ab,1
rated,1
carlsberg,1
tfobc,1
qpppkvlk,1
kkjpyz,1
hgp,1
lhrz,1
ls,1
mvq,1
wra,1
mildly,1
hamburgers,1
hija,1
sanchez,1
sip,1
mamemia,1
duuuck,1
okey,1
hovedbanegarden,1
welcoming,1
jerald,1
looooove,1
doggy,1
paddled,1
trithalon,1
thrursday,1
isfj,1
intj,1
fhing,1
extraverted,1
donit,1
ahahahahha,1
mickey,1
jumps,1
throws,1
catches,1
velkommen,1
frankrig,1
aktiv,1
taletidspakke,1
kan,1
bruge,1
minutter,1
inden,1
uden,1
ekstra,1
omkostninger,1
hvor,1
meget,1
der,1
pakke,1
hjem,1
lokalt,1
kald,1
brug,1
mb,1
som,1
sikkerhed,1
loft,1
dataforbrug,1
det,1
ringe,1
mere,1
rejse,1
mvh,1
bv,1
afmelding,1
hotter,1
ujbbxjttgb,1
handy,1
vending,1
loaded,1
khbcvlqpvz,1
olsolsolso,1
spam,1
mghsnsnxuos,1
genial,1
mikey,1
hhaztt,1
beings,1
zp,1
fort,1
grounds,1
miscounted,1
slutty,1
phased,1
parks,1
visibility,1
exclusives,1
dumbo,1
snowflakes,1
certificate,1
jaywalks,1
tiara,1
draw,1
dslr,1
seeeden,1
laps,1
hahahahhahahahaha,1
breakdown,1
lynbgy,1
accomplish,1
registration,1
comin,1
sweetie,1
pomagrante,1
angle,1
preface,1
kindest,1
extraordinary,1
thawed,1
gjhumtyft,1
chains,1
ontop,1
brussles,1
lille,1
veienna,1
yomorrow,1
tomorrowwwwwwww,1
snore,1
oyocv,1
qg,1
todo,1
stoee,1
ughhhhhhh,1
twit,1
whule,1
mught,1
greasy,1
damnit,1
haos,1
teip,1
felicia,1
winne,1
pooh,1
allll,1
obnoxious,1
stoppp,1
ssams,1
humans,1
mushy,1
repay,1
juggle,1
rizraz,1
mediterranean,1
vietnamese,1
lele,1
realist,1
oo,1
norreprt,1
deli,1
relaxed,1
mailbox,1
lamp,1
picks,1
pops,1
booms,1
freed,1
grant,1
blurts,1
printout,1
net,1
stunning,1
injured,1
complexion,1
improves,1
acne,1
triumphantly,1
nod,1
disappears,1
multiplied,1
among,1
charities,1
worldwide,1
wealth,1
revered,1
deeds,1
wild,1
pleasant,1
kewxtkgmdtw,1
ax,1
snickers,1
jean,1
luckier,1
memes,1
manicures,1
manipedi,1
rarity,1
clues,1
defamed,1
oojidx,1
collection,1
lookatchu,1
googles,1
cough,1
tallking,1
chugged,1
palomas,1
sexual,1
tensions,1
leigh,1
bores,1
wholeheartedly,1
amaze,1
dissappointed,1
compunds,1
apologie,1
deactiated,1
deactivated,1
germs,1
oak,1
mmmm,1
hangry,1
quickly,1
workon,1
davids,1
celebrating,1
shave,1
mustache,1
pedophile,1
charity,1
ink,1
pusey,1
awkwardly,1
pirate,1
invitation,1
greay,1
naan,1
vanrens,1
frikadeller,1
relieved,1
hng,1
suuuucks,1
scoops,1
cloudy,1
pigeons,1
crows,1
torrent,1
sd,1
honored,1
nexks,1
yeab,1
bave,1
xxl,1
licks,1
vide,1
yoursey,1
hahahajajahahahaha,1
hom,1
gelato,1
dumped,1
wt,1
hahhaa,1
complaint,1
luscious,1
fidget,1
lately,1
infected,1
staph,1
infections,1
tumor,1
cysts,1
harmless,1
amalfi,1
yaaaay,1
haloween,1
cotton,1
swabs,1
tips,1
drawers,1
prety,1
touristy,1
pour,1
lufs,1
lyfe,1
tome,1
ughhhhhhhh,1
killin,1
lofts,1
veins,1
aost,1
vine,1
jdkc,1
laund,1
clu,1
tuborg,1
ohone,1
leangains,1
protocol,1
restricting,1
methods,1
junk,1
aooreciate,1
youe,1
interviewing,1
glassdoor,1
con,1
stupif,1
interns,1
vcouldnt,1
carve,1
halls,1
tipped,1
unblock,1
hoem,1
browser,1
secretflying,1
roundtrip,1
fbclid,1
iwar,1
qyclaybobg,1
vxg,1
wskl,1
oyebymj,1
uywhxsefvq,1
jydl,1
fpxx,1
pfx,1
neber,1
drunker,1
jamws,1
eased,1
distraced,1
watered,1
tortured,1
ignored,1
counting,1
daniehy,1
ssmart,1
farmers,1
awya,1
nightmare,1
claymation,1
yap,1
consist,1
idiots,1
unanswered,1
chancor,1
herpes,1
spookyyyyyyy,1
polar,1
watcher,1
interrupted,1
fry,1
privavly,1
database,1
surrounded,1
hurr,1
akmaez,1
tuckered,1
courts,1
albums,1
nu,1
comedowns,1
telegraph,1
voted,1
alps,1
nephew,1
kidsarefuckingstupid,1
pronouncing,1
optional,1
dilemma,1
evolutionary,1
sufficient,1
cheerup,1
cs,1
hahaahha,1
kettle,1
ahhajhgkfasdaewuhd,1
cheer,1
judy,1
debt,1
lingers,1
soace,1
waving,1
stormwarer,1
error,1
reload,1
simulations,1
snowball,1
boullion,1
woes,1
complained,1
redeeming,1
oregano,1
voting,1
screens,1
lend,1
autocad,1
oclock,1
govoner,1
seattle,1
ifhe,1
legalized,1
chalk,1
chow,1
mein,1
chilll,1
application,1
contracts,1
bends,1
toilet,1
bend,1
corners,1
contracting,1
flows,1
hose,1
decreases,1
hote,1
zurich,1
ourself,1
kilt,1
reviewing,1
scratching,1
cheesecake,1
polyteknisk,1
merch,1
kst,1
qdp,1
zw,1
premium,1
osteoporosis,1
fresher,1
masterb,1
bwfore,1
chaser,1
mixer,1
deja,1
vu,1
mejiun,1
bo,1
odor,1
hahahahahahahahahahahahahahahaha,1
worker,1
dunk,1
forfet,1
toyy,1
sympathize,1
stuoudy,1
basfjt,1
jihfe,1
nbjak,1
hcrkeizk,1
leadenhall,1
victorian,1
selection,1
stalls,1
features,1
films,1
potters,1
eyed,1
fans,1
recognise,1
opticians,1
bulls,1
passage,1
leaky,1
cauldron,1
thuvvjcfk,1
piccadilly,1
circus,1
characters,1
ron,1
hermione,1
deathly,1
hallows,1
flee,1
rons,1
ddhj,1
cfsu,1
phoenix,1
thames,1
broomstick,1
locations,1
destroyed,1
lambeth,1
knight,1
squeezes,1
deckers,1
zbfdndu,1
vc,1
visual,1
rowling,1
wizardry,1
quirky,1
minalima,1
miraphora,1
mina,1
eduardo,1
lima,1
designers,1
beasts,1
artwork,1
showcasing,1
magical,1
designs,1
narrow,1
staircases,1
authentic,1
props,1
loan,1
mitchs,1
comapny,1
darty,1
swollen,1
playboy,1
lzj,1
yvg,1
accents,1
soldier,1
boujee,1
tequirement,1
depressingly,1
ypu,1
yuup,1
battles,1
foos,1
couldny,1
woulda,1
viscously,1
mauled,1
evil,1
dru,1
swarmed,1
hydration,1
objectivley,1
ley,1
ely,1
autocorrect,1
types,1
kt,1
vgnpu,1
qvxn,1
boeqb,1
nvp,1
xbort,1
ccbrxtvjjlhg,1
yoh,1
executive,1
okok,1
pushes,1
oleg,1
effervescence,1
hopefuolt,1
emails,1
hopefulot,1
desert,1
pricey,1
yayayaya,1
carbonara,1
ottle,1
reeeeeally,1
budddddyyy,1
noope,1
mihjy,1
ssid,1
aaaaaand,1
hajahahahah,1
wkglad,1
jgx,1
szikfkf,1
lu,1
ldhzl,1
eqshkoso,1
mzqbq,1
airpor,1
alwaiting,1
venture,1
mkayy,1
parade,1
northumberland,1
cirlce,1
bakery,1
rhere,1
cupcakes,1
newport,1
rights,1
nest,1
opended,1
chocolayr,1
directing,1
chain,1
ale,1
cupcake,1
rooster,1
vzsvmhnub,1
bq,1
aonz,1
ksrw,1
xnvymkp,1
ezq,1
buvxrtp,1
qm,1
adopted,1
nkty,1
fused,1
jahahahahhahaa,1
ph,1
heel,1
mons,1
weeknight,1
closr,1
proper,1
poked,1
hindsight,1
matterhorn,1
yaeh,1
neeeeeed,1
refrigerated,1
blts,1
thinjf,1
lily,1
functional,1
dishwasher,1
postgame,1
puffing,1
biscuit,1
sosososo,1
friendo,1
bone,1
browning,1
unevenly,1
crust,1
spivey,1
debatably,1
duel,1
livin,1
lavish,1
forogt,1
currency,1
soggy,1
expired,1
hiur,1
jason,1
bateman,1
actor,1
validation,1
nughty,1
neeeed,1
subjective,1
flysas,1
managemybooking,1
catchup,1
attendance,1
pbj,1
poa,1
stats,1
completing,1
hotles,1
sunglasses,1
educated,1
zero,1
reputable,1
academic,1
portions,1
timer,1
webmd,1
curing,1
naything,1
poll,1
pears,1
mangos,1
hahahahahahahaha,1
swapfeits,1
bcc,1
renew,1
renewd,1
cet,1
onl,1
hing,1
pickup,1
unrenew,1
chargeds,1
valby,1
frederiksberg,1
tj,1
grocerys,1
havingimosas,1
databar,1
unsubscribed,1
wooooooooooooo,1
delivering,1
serving,1
hanged,1
stove,1
ggwsadyjdpm,1
unfair,1
creatine,1
hydrofoasks,1
retains,1
bloated,1
mas,1
ognna,1
supid,1
drying,1
buried,1
flick,1
poison,1
pgreen,1
mjs,1
amateur,1
liek,1
salted,1
fails,1
chaos,1
theculturetrip,1
overslept,1
knowwwwwwwwwwwwwwwww,1
shoping,1
displays,1
ther,1
fare,1
supersaver,1
exchanged,1
tehy,1
hten,1
hwat,1
yaa,1
cappuccino,1
losers,1
fckn,1
wydkyb,1
di,1
gey,1
trashed,1
everythwere,1
needing,1
foood,1
intending,1
snuggling,1
probaby,1
faukt,1
partying,1
dorky,1
cornettos,1
declare,1
lands,1
yeyuh,1
ch,1
hikes,1
thecrazytourist,1
mindfulmermaid,1
thingstodoinzermatttravelguide,1
rothorn,1
sunnegga,1
areas,1
locals,1
gondola,1
hikers,1
scenic,1
trails,1
adler,1
hitta,1
eagle,1
hut,1
perched,1
metres,1
findeln,1
alp,1
luxe,1
miami,1
las,1
vegas,1
snowpants,1
swimsuits,1
plush,1
loungers,1
invitingly,1
platforms,1
draped,1
chairs,1
chillers,1
moet,1
scroll,1
globeguide,1
hehehehehe,1
armrest,1
legroom,1
medal,1
clogged,1
frrpgnfqbazz,1
swm,1
ygvjmaqx,1
evadb,1
ua,1
suffer,1
tobjust,1
assertive,1
chzbgr,1
affb,1
jpeg,1
thicc,1
sized,1
dumbest,1
skull,1
experienced,1
stu,1
copied,1
tylonel,1
estimate,1
fruits,1
ingredient,1
disgust,1
synopsis,1
sooooooooon,1
firgot,1
swiss,1
snowflake,1
bodylab,1
cocoa,1
somethign,1
visitcopenhagen,1
copenhagens,1
jimmy,1
languages,1
yessirr,1
account ,1
rout ,1
deathbed,1
	even,1
rarely,1
	my,1
introduce,1
topper,1
influential,1
granted,1
exs,1
hangouts,1
pretsel,1
carrot,1
storage,1
harveys,1
oblivious,1
cherry,1
latter,1
bummer,1
highlights,1
forgotten,1
shifted,1
moody,1
achey,1
bumps,1
noe,1
italians,1
burnt,1
slid,1
hugging,1
transferred,1
initiate,1
bossed,1
bossing,1
fence,1
burton,1
anon,1
tempest,1
goggle,1
mfi,1
freshly,1
baked,1
rewrite,1
compress,1
ahhahahahhaa,1
genius,1
files,1
output,1
suckers,1
euros,1
believed,1
screenshotted,1
churros,1
je,1
gum,1
usd,1
calculations,1
rounded,1
uneven,1
splits,1
differenty,1
donna,1
fired,1
soundtrack,1
complaints,1
locking,1
tlnvb,1
ip,1
zdo,1
uvernazzas,1
unnecessarily,1
eo,1
kmod,1
duration,1
becoming,1
dazed,1
explodes,1
passwords,1
enters,1
obscure,1
ridiculously,1
rememeber,1
cautious,1
enhancement,1
motivated,1
adderall,1
olympics,1
gamers,1
lolzzzzzzzzzzzzzzz,1
hmmmmmmmmmmmmmm,1
deoderant,1
virile,1
vile,1
gvpnehp,1
investments,1
yayoi,1
kusama,1
installation,1
assignments,1
specified,1
introduction,1
description,1
implementaton,1
simulator,1
fulfill,1
requirements,1
hungarian,1
sparty,1
lookin,1
flexing,1
prbably,1
airs,1
hilarioud,1
insisted,1
waych,1
tomorroe,1
rainy,1
yik,1
welovebudapest,1
lego,1
haunt,1
nbd,1
chauk,1
pedicures,1
insensitive,1
appointment,1
assistant,1
buddyyyy,1
litt,1
higga,1
outdo,1
augustine,1
perfecto,1
niceness,1
cleanse,1
questioning,1
liberty,1
persuit,1
bee,1
metting,1
pizzeria,1
mamamia,1
yessir,1
digital,1
fluid,1
frank,1
thnaks,1
nothingggg,1
knoww,1
probability,1
coins,1
coin,1
sentimental,1
begged,1
resented,1
luckiest,1
adjective,1
complicate,1
haired,1
roles,1
reversed,1
hears,1
llll,1
yuuuuup,1
attachment,1
obsess,1
lust,1
chapter,1
nick,1
stepped,1
windmill,1
scheduling,1
scheduled,1
sparre,1
johansson,1
greetings,1
technical,1
universities,1
colleagues,1
network,1
variety,1
msc,1
programmes,1
regarding,1
cancellation,1
notify,1
departure,1
citizen,1
centres,1
situated,1
tofteb,1
ksvej,1
kgs,1
ltk,1
inform,1
perhaps,1
shall,1
visa,1
yhes,1
starbucks,1
ultraboosts,1
gigured,1
apick,1
pets,1
animals,1
behaved,1
bitchy,1
arguments,1
thnks,1
kittens,1
ikk,1
iox,1
lyx,1
mayble,1
harvey,1
bahahahah,1
naming,1
pet,1
dz,1
iti,1
ptkkksl,1
awwwwwwwwwwwwwwwww,1
nathan,1
noooooooooo,1
vxrzw,1
sceen,1
akoml,1
fiv,1
dqzf,1
ejdvemadvqwtl,1
roylsq,1
isyigwwosxlcnew,1
critique,1
nemo,1
por,1
que,1
los,1
dos,1
sukkar,1
ter,1
alllllwaaays,1
crave,1
calorie,1
thurday,1
masks,1
rolls,1
spotifywrapped,1
cproductmarketing,1
mdijuuarpjv,1
vbp,1
lrsyugkevhhz,1
cwa,1
minutes,1
rhmtsazfsmtkeubklbf,1
lnqmcbejsywjglkw,1
postcard,1
kkleggo,1
outrage,1
entirety,1
everet,1
dobler,1
dreaming,1
complicates,1
yky,1
haooyy,1
hypothetical,1
humid,1
woooooooo,1
jammed,1
yuck,1
milkshakes,1
hangovers,1
advent,1
toys,1
christ,1
horrifying,1
yaaaa,1
hunch,1
vupkxhwl,1
sncrgnu,1
hcz,1
rfu,1
rsjagu,1
giolfmcg,1
father,1
granddaughter,1
promotion,1
expires,1
chirstmas,1
bodycomptest,1
booth,1
drizzling,1
kgi,1
szvmeszgzowivfpxs,1
dmxzoh,1
te,1
caqfeg,1
mass,1
percentage,1
calculate,1
height,1
gender,1
guitar,1
faces,1
slacking,1
goooddd,1
clothed,1
fr,1
jessikas,1
tulonel,1
misspell,1
tweaked,1
sharpy,1
equivalent,1
previously,1
detail,1
ages,1
wclink,1
stainless,1
ufq,1
lj,1
thewire,1
linkcode,1
xm,1
ascsubtag,1
cw,1
dealspage,1
wand,1
sleepovers,1
kills,1
admits,1
lockup,1
trailer,1
described,1
soulmates,1
weirdly,1
bugs,1
slope,1
unconscious,1
expressi,1
tunnel,1
scraped,1
electrolytes,1
retain,1
gatorade,1
electrolyte,1
tablets,1
gummies,1
underlying,1
sydhavn,1
pphones,1
jacks,1
dranks,1
dulles,1
philly,1
mn,1
grad,1
caould,1
excpt,1
ideally,1
schedules,1
bookin,1
impulsively,1
tiger,1
whers,1
atm,1
gathering,1
underneath,1
clarkson,1
yze,1
qdv,1
zd,1
gzc,1
zer,1
ehqst,1
xerrkgayy,1
cty,1
xa,1
hav,1
borwd,1
strangling,1
americans,1
crier,1
rhyme,1
tvs,1
mama,1
wrtoe,1
haunted,1
mejuins,1
kathy,1
sniff,1
sniffing,1
smartest,1
funniest,1
jaadaniel,1
yeahs,1
dishing,1
sortcap,1
irritated,1
spark,1
aint,1
trashing,1
cooks,1
welll,1
lm,1
yackeped,1
audio,1
ocean,1
billie,1
eilish,1
instruction,1
talker,1
teared,1
attacked,1
prolly,1
tore,1
marrying,1
skied,1
ljjqsknoncf,1
bwzwx,1
seo,1
qp,1
utzsuunhquin,1
kq,1
winking,1
mariluna,1
eternal,1
fuckering,1
cum,1
foreplay,1
els,1
peaks,1
exponentially,1
export,1
readying,1
womt,1
replied,1
schools,1
expiration,1
reminisce,1
stoey,1
hahahahahab,1
ugliest,1
praise,1
comedy,1
goddess,1
soent,1
shag,1
carpet,1
dong,1
rekindle,1
heels,1
weaver,1
ether,1
get to get off,1
see you and,1
continue to go,1
the most,1
 all with,1
goodbye to you,1
toughest,1
scentences,1
unimaginably,1
visited,1
formed,1
eternally,1
grouchy,1
descritive,1
thrives,1
destined,1
pinnacle,1
romantics,1
fulfill that,1
desire,1
in your,1
ultimate,1
love with,1
racing,1
bawlibg,1
tile,1
jjjj,1
msdison,1
analyzing,1
yaaaaa,1
icy,1
snowwweing,1
pepple,1
drivable,1
bd,1
calenders,1
michelle,1
obamas,1
accustomed,1
weirgjt,1
jar,1
pickles,1
comeover,1
mash,1
lite,1
ehhhhh,1
hhahahahahaha,1
yogether,1
prostitution,1
mommas,1
gramps,1
sane,1
andost,1
bedtime,1
engaged,1
blatantly,1
extrovert,1
tjsnk,1
optimistic,1
unrealistic,1
favey,1
fuckit,1
esape,1
exhaustef,1
funrun,1
playingario,1
kart,1
cashmere,1
maaaaayne,1
weeek,1
trek,1
didny,1
contest,1
hairs,1
fibonacci,1
spiral,1
svg,1
dwight,1
buys,1
coats,1
bulk,1
inconsiderate,1
missnit,1
anynore,1
deserible,1
thread,1
yarn,1
irs,1
jcxo,1
nonobvious,1
goifbye,1
kisses,1
pda,1
bust,1
sitch,1
mohnyakn,1
shcks,1
winning,1
silent,1
poured,1
sock,1
chemical,1
troubles,1
iron,1
goddamn,1
iton,1
periodicsorrowfulatlanticblackgoby,1
comfortably,1
tonmuch,1
irony,1
imiss,1
katherine,1
thacker,1
touvfor,1
cuuuuute,1
realationship,1
hhahajaha,1
hjaha,1
erectile,1
distinction,1
pieces,1
youtexted,1
everyweek,1
hoipe,1
knox,1
cbwy,1
oyqdqhm,1
xuohfq,1
lpz,1
kvtfybh,1
wbnmqgsg,1
woth,1
janurary,1
masculinity,1
gau,1
sau,1
ysy,1
nothinf,1
lease,1
singer,1
homesglyhelsieuwobejdowoene,1
hahajsusheificjririff,1
dck,1
yea,1
axcited,1
eurkre,1
spin,1
coma,1
funnt,1
bonding,1
hrhn,1
rrjy,1
missiny,1
lllllllllllll,1
williams,1
sonoma,1
appts,1
detmayplogist,1
iud,1
std,1
lolol,1
cramps,1
sperm,1
swimmers,1
rank,1
ecsgylu,1
frickdn,1
rays,1
caffine,1
dissapounted,1
moisturize,1
totes,1
micheals,1
injected,1
steroid,1
ovever,1
predicament,1
adjusted,1
hool,1
forreal,1
cheesey,1
sapphire,1
birthstone,1
ayy,1
stones,1
july,1
sept,1
january,1
finds,1
sons,1
highly,1
sought,1
select,1
djdhsbw,1
cologne,1
paryy,1
engagaed,1
relatives,1
scripted,1
scent,1
emphasizing,1
suuurw,1
sexy,1
cutoffs,1
sticky,1
maddie,1
retarded,1
errors,1
likee,1
flavors,1
finale,1
biceps,1
watchn,1
rebuilds,1
gains,1
ehy,1
flu,1
thiccer,1
cuz,1
inferior,1
csre,1
tackled,1
mingling,1
echaisted,1
convicnce,1
woken,1
uop,1
sonmuch,1
kie,1
keepnasking,1
aar,1
marriedy,1
blobe,1
ninnthnb,1
sy,1
jeousb,1
jackonson,1
stip,1
vick,1
everoy,1
cale,1
wwait,1
youy,1
klllje,1
nasty,1
gof,1
ughhhh,1
estimated,1
unprecedented,1
awkwarf,1
smashed,1
jahan,1
dan,1
awwww,1
didsapponuted,1
keurig,1
hack,1
gooden,1
govner,1
hyper,1
maker,1
fairlife,1
mos,1
cited,1
jessica,1
blew,1
nauseus,1
sofa,1
mistake,1
charades,1
forgets,1
install,1
deer,1
fox,1
android,1
dell,1
endorse,1
correcting,1
nagging,1
ritrovo,1
prohibition,1
significantly,1
loooove,1
fetish,1
loliware,1
biodegradable,1
sharks,1
robert,1
overcooked,1
pulls,1
hottubbing,1
ohhhhhh,1
oino,1
controls,1
comouters,1
glow,1
riste,1
captions,1
follows,1
football,1
pary,1
reunite,1
monospace,1
yehdhs,1
downlaod,1
morvie,1
qeqmpprzsm,1
unattractive,1
nopeo,1
blissfully,1
tylenol,1
ketamine,1
wonky,1
weirder,1
xanax,1
swell,1
glutes,1
shakinh,1
dignity,1
sting,1
abiut,1
anythinng,1
exciiiiitttteeeedddddd,1
resolution,1
quivering,1
ojha,1
peanuts,1
eijivpabzgs,1
ornaments,1
folded,1
njzyc,1
iwish,1
stessed,1
shouldni,1
dock,1
laptops,1
decor,1
rvia,1
pn,1
apposed,1
selflessness,1
jury,1
eebn,1
delicious,1
daniles,1
besties,1
brittle,1
negativity,1
depend,1
mouth,1
undershirts,1
underagers,1
breaker,1
littttt,1
conservative,1
swears,1
web,1
rct,1
itunes,1
fmt,1
ved,1
ahukewjf,1
wsvfahwhmeakhyozbpwqfjaaegqiaxab,1
usg,1
aovvaw,1
dkmmg,1
uqdbiy,1
wqty,1
ypubwere,1
bandersnatch,1
waychingovie,1
tonihht,1
fjoug,1
prions,1
tonbf,1
retype,1
reype,1
tot,1
hoinighg,1
obligations,1
gryfon,1
trace,1
transactions,1
dispute,1
charges,1
gryphon,1
stolen,1
resolutions,1
collected,1
decrease,1
slowest,1
organized,1
cabinets,1
stacy,1
dome,1
gather,1
partake,1
grader,1
abracadabra,1
jessikaless,1
groomsmen,1
preference,1
simpler,1
trim,1
flk,1
petty,1
whatsoever,1
feee,1
clorhesy,1
editing,1
yez,1
stretching,1
ropes,1
nerds,1
rope,1
liferlly,1
mdison,1
pam,1
firing,1
meither,1
propose,1
faves,1
movoe,1
juornal,1
commas,1
appologizing,1
pas,1
affair,1
millionaire,1
dsay,1
struggled,1
deserted,1
oooooh,1
uhhh,1
dokay,1
cory,1
smelly,1
paradise,1
premier,1
cuddly,1
oufergie,1
moises,1
introvert,1
thinknof,1
toxic,1
ignorant,1
affected,1
seriou,1
cray,1
scenes,1
bail,1
iike,1
unsafe,1
theater,1
heheheheh,1
hohohohoha,1
alkdhflaskdj,1
statue,1
church,1
googled,1
owl,1
resentful,1
blamed,1
cognizant,1
chair,1
traumas,1
reciprocated,1
stable,1
hmpf,1
sportsgirlie,1
clicked,1
blonder,1
berry,1
tastes,1
lool,1
consoles,1
cable,1
cast,1
cooo,1
statistics,1
cleaner,1
damaged,1
maaaaybe,1
radio,1
tep,1
afford,1
mistyped,1
vairations,1
tring,1
apostrophes,1
separating,1
marshmellows,1
github,1
employers,1
painting,1
rescreenshottef,1
refuse,1
refuses,1
sizes,1
fransisco,1
stfi,1
helsea,1
tols,1
committing,1
exaggeration,1
yeat,1
hollander,1
squash,1
zucchini,1
arugula,1
grain,1
needy,1
souch,1
negatively,1
disrupting,1
patterns,1
intil,1
imitation,1
flattery,1
funeral,1
glympse,1
remain,1
bu,1
requesting,1
thrones,1
jammin,1
soonnn,1
unshared,1
waxing,1
plumbing,1
geothermal,1
heating,1
gah,1
someones,1
foliage,1
pachysandra,1
dig,1
garage,1
trash,1
neighborhood,1
keepers,1
racist,1
timeline,1
overview,1
ot,1
horrid,1
brooks,1
kinf,1
saucony,1
machines,1
lenses,1
hahajaja,1
johns,1
gallon,1
willingness,1
mesh,1
subreddit,1
freakout,1
uqzo,1
z,1
pxi,1
steady,1
yessss,1
qtwzmlszczqrltndgorw,1
hahahahahahahahahaha,1
apartments,1
waxed,1
barstoolsports,1
halfway,1
nv,1
wheel,1
milf,1
toodles,1
emisions,1
overdosing,1
crankiest,1
rocky,1
recover,1
jveyzh,1
sg,1
experiments,1
temporarily,1
placed,1
rescue,1
deaths,1
result,1
snarky,1
snakey,1
radius,1
bhow,1
decipher,1
scanners,1
bonus,1
errr,1
playful,1
breakups,1
honesty,1
credits,1
triple,1
stanford,1
actuariesake,1
shallow,1
rushed,1
briefly,1
deleting,1
intentional,1
selecting,1
accidentally,1
friendzone,1
genetically,1
mobileing,1
groud,1
searching,1
snowmobiles,1
snowbardibg,1
ke,1
rihvii,1
altitude,1
cooper,1
spurts,1
erratically,1
lengths,1
whey,1
manage,1
acccda,1
mobile,1
mobiles,1
atv,1
commericalized,1
priced,1
cru,1
mediates,1
bisexual,1
 i will never,1
honorable,1
exes,1
corny,1
became,1
unadulterated,1
scene,1
idiosyncrasies,1
quirks,1
oop,1
movement,1
buddle,1
remembereding,1
wishing,1
protective,1
goodwill,1
cmbyn,1
falls,1
sexuality,1
aoidbekxu,1
bohemian,1
rhapsody,1
tuned,1
polite,1
charisma,1
krispies,1
chillin,1
glen,1
yayay,1
shimmer,1
sparkle,1
bramd,1
nifty,1
pullover,1
inconvienient,1
poiny,1
hoddie,1
endure,1
fuuuuuck,1
losses,1
secretly,1
ramble,1
brighten,1
driveway,1
virginia,1
career,1
wisconskn,1
piazza,1
lead,1
figures,1
familys,1
jeez,1
shred,1
hesd,1
poorly,1
cells,1
linkedin,1
coachable,1
exposed,1
nit,1
pickig,1
hahahalove,1
glued,1
oookay,1
swallow,1
yerba,1
knit,1
leaned,1
announce,1
pours,1
inspiration,1
wurld,1
vstawk,1
cuddles,1
adorablep,1
barks,1
amazons,1
haahahah,1
alrighty,1
liners,1
hail,1
breck,1
additional,1
breckenridge,1
oku,1
doku,1
cajun,1
bri,1
bree,1
horn,1
jt,1
rung,1
internally,1
cra,1
standoffish,1
crowding,1
harshly,1
backseat,1
notbyet,1
ifb,1
buzzes,1
benadryl,1
esther,1
introverted,1
competitive,1
deeper,1
outskirts,1
mlk,1
snores,1
clam,1
frickin,1
validate,1
motel,1
fuss,1
purposefully,1
lovey,1
roof,1
payment,1
joint,1
sorted,1
detailed,1
harassed,1
snuggled,1
hobby,1
fosho,1
admire,1
checkered,1
considerate,1
fite,1
hahahehehoho,1
tueaday,1
mittens,1
wantd,1
glotta,1
discover,1
cosmopolitan,1
hotubbing,1
embarrassingly,1
devote,1
wjsh,1
weeeeekkkk,1
peace,1
underrated,1
buffy,1
lodge,1
promises,1
eirher,1
bursting,1
hibiscus,1
shove,1
offers,1
vault,1
argued,1
qnd,1
dispensary,1
chiollll,1
awk,1
pole,1
hopped,1
particularity,1
inn,1
jrd,1
beginner,1
doses,1
strains,1
inducing,1
mellow,1
calming,1
requests,1
anti,1
coooooooo,1
concussions,1
warmup,1
legally,1
gotchu,1
xar,1
decline,1
laws,1
havenit,1
decriminalized,1
inlove,1
nighy,1
hamsun,1
squirming,1
achievement,1
peak,1
jessima,1
immense,1
comforting,1
frocken,1
tougher,1
harm,1
strike,1
stomped,1
competitiveness,1
unwillingness,1
amazes,1
instances,1
lover,1
soundly,1
respy,1
prized,1
technically,1
hunt,1
storiey,1
hill,1
enjoyment,1
competent,1
domt,1
doubting,1
toughing,1
talkative,1
packaging,1
trap,1
loose,1
camoing,1
username,1
jemaswj,1
critical,1
unfold,1
dispersed,1
thag,1
scheme,1
ks,1
destiny,1
reception,1
roulette,1
lye,1
warmers,1
stared,1
questionable,1
dairy,1
slushies,1
sotrye,1
stoner,1
littoe,1
ilove,1
attest,1
dug,1
nihjt,1
literal,1
ysh,1
ruined,1
smothering,1
chris,1
smothered,1
dowm,1
engage,1
bluntly,1
burned,1
privileged,1
ahah,1
ekjsvsja,1
helepap,1
pmgojav,1
tacklev,1
scoreboard,1
ohmygod,1
observant,1
observation,1
foremost,1
woooo,1
towels,1
europep,1
setteled,1
appologized,1
anoying,1
surgeryu,1
affects,1
ba,1
christianian,1
hammarreedd,1
ticketed,1
rejeskort,1
bra,1
journaled,1
biked,1
giants,1
nostalgic,1
carried,1
haaha,1
hosting,1
yeaaaahhhhh,1
hardships,1
binding,1
shutdown,1
shifts,1
controlling,1
sticking,1
crashed,1
rick,1
ross,1
outloud,1
definite,1
rummler,1
gist,1
premise,1
rereading,1
summarized,1
huy,1
writer,1
stuf,1
cuddling,1
weakness,1
imedietley,1
moan,1
whatthefuck,1
slight,1
fart,1
fixes,1
nooooooo,1
entered,1
illinios,1
disagree,1
calms,1
importantly,1
rubbed,1
positively,1
respecting,1
unfolds,1
tox,1
gosh,1
replaying,1
spinning,1
battle,1
somols,1
bucher,1
okag,1
psrfecg,1
za,1
rrblval,1
empathizing,1
backs,1
whatching,1
dobgood,1
memberships,1
plymouth,1
local,1
guzzle,1
heartless,1
grieves,1
grieved,1
consoled,1
blueberries,1
pl,1
gomlffls,1
palmer,1
loop,1
compatible,1
quicker,1
cleaned,1
clutter,1
boarder,1
inseparable,1
doubts,1
tying,1
uncaring,1
sobbed,1
strictly,1
thts,1
pride,1
blames,1
acclimation,1
meantime,1
emotiona,1
led,1
yattt,1
eorkout,1
recognizes,1
confronted,1
okkkaay,1
overweight,1
runner,1
excitedd,1
claims,1
chatting,1
lasted,1
hafnt,1
macho,1
shortest,1
lines,1
hyping,1
isnunique,1
mkn,1
honestlu,1
pans,1
firm,1
schmacked,1
ohare,1
ahhhh,1
sjdkcodjeeidoxheksozpxkfkd,1
cavities,1
teeat,1
tap,1
hahahau,1
drunkest,1
richer,1
poorer,1
statistically,1
cours,1
surprises,1
dawn,1
tooooooooooooooooooooo,1
florr,1
huehue,1
baggage,1
breather,1
scratches,1
stylish,1
beccas,1
becka,1
interactive,1
happ,1
underestimated,1
uncharacteristic,1
deice,1
kiki,1
hiiii,1
scrolled,1
distraction,1
forage,1
avaoid,1
ambesonne,1
landscape,1
mdpiec,1
floral,1
headboard,1
bedspread,1
twin,1
jpwl,1
cm,1
apa,1
gz,1
rcbd,1
fyk,1
lunarable,1
fmm,1
smt,1
prx,1
cmfss,1
cirlces,1
oscar,1
nominations,1
gatherings,1
fills,1
undescribable,1
thrive,1
 you,1
that i,1
might be,1
 and,1
obstacles,1
i want,1
you and i want to be,1
challenged in our,1
 both by you and our,1
relationship as a,1
noticing,1
sometimes i,1
know myself,1
feel like,1
sappy,1
gross notes,1
it is,1
put the full extent of my,1
mmom,1
whitcata,1
nothings,1
hits,1
routines,1
oversleep,1
stool,1
sworkit,1
yahoo,1
stepping,1
stone,1
smelling,1
weathers,1
weedend,1
callous,1
causes,1
tons,1
muji,1
candle,1
ol,1
hundreds,1
lusting,1
figurative,1
forbids,1
validates,1
foing,1
realm,1
officially,1
shivering,1
snapping,1
hasntnhad,1
amswer,1
remedy,1
startups,1
deats,1
hero,1
annoyingly,1
hydrated,1
pdf,1
notebooks,1
verizon,1
doqiykttfx,1
resetting,1
flashing,1
cit,1
uninstalling,1
reinstall,1
reset,1
blinking,1
pressing,1
seconds,1
applet,1
accurate,1
sparaticslly,1
reliable,1
automation,1
sucj,1
rusty,1
eatch,1
bdays,1
massaged,1
curl,1
posting,1
forcing,1
perk,1
evaluate,1
micheal,1
specia,1
earn,1
dye,1
wrist,1
residents,1
ompare,1
rapidwristbands,1
expensice,1
bottled,1
science,1
ceased,1
caesar,1
refugio,1
nova,1
borealis,1
bean,1
spacious,1
cheapish,1
actualy,1
sew,1
patches,1
thihnk,1
specifications,1
joyous,1
qualifications,1
salary,1
distracing,1
subtly,1
studs,1
insight,1
crap,1
acupuncture,1
scandalous,1
sayinh,1
sporadic,1
replies,1
explanation,1
misunderstanding,1
overreacting,1
helpless,1
desperate,1
unloading,1
below,1
abut,1
demand,1
creased,1
relevant,1
tshirt,1
rythme,1
cre,1
mitten,1
avoided,1
waved,1
flex,1
cn,1
ironing,1
referred,1
logistics,1
gostream,1
stings,1
intermittently,1
syllabi,1
citations,1
skimmed,1
retail,1
therapy,1
morgan,1
eachoy,1
uwmadison,1
folder,1
bballazon,1
badly,1
mejins,1
ethic,1
sideris,1
verb,1
okayay,1
envirmentoal,1
stufies,1
spery,1
legging,1
docks,1
drawing,1
revealing,1
speckled,1
pat,1
scientifically,1
millions,1
evolution,1
created,1
lovelock,1
emergence,1
inevitable,1
rejects,1
beginnings,1
belief,1
alien,1
dissipative,1
structures,1
permanent,1
entities,1
organisms,1
infinite,1
inhabited,1
ecosystem,1
intricate,1
ethical,1
concentration,1
centers,1
aspect,1
revere,1
sweetness,1
began,1
corrupting,1
polluting,1
accountable,1
destruction,1
photochemical,1
smog,1
proven,1
harmful,1
rediscover,1
besgesg,1
elsie,1
brindle,1
fullux,1
waisted,1
infers,1
cropped,1
lulus,1
flocked,1
ombre,1
ombr,1
cominf,1
longwoodlancers,1
aspx,1
inconvenience,1
adobe,1
ful,1
luxtreme,1
bump,1
vibrate,1
legginngs,1
imaginable,1
lightweight,1
approval,1
outfits,1
homies,1
errybsjout,1
dailymotion,1
kpsw,1
ong,1
wuick,1
headpones,1
blocks,1
worls,1
lou,1
initiatoon,1
newark,1
winked,1
attacks,1
yuo,1
mary,1
va,1
blanks,1
similarities,1
nrb,1
legend,1
spice,1
seasoned,1
templeton,1
bruising,1
bandaid,1
scar,1
president,1
stumble,1
offering,1
thoughtbyou,1
assumes,1
penetration,1
horny,1
cod,1
iwanted,1
sgg,1
qt,1
alentines,1
amirifht,1
tragic,1
hobbies,1
objectively,1
gathered,1
risking,1
detox,1
frustrates,1
repeatedly,1
convincing,1
frustrate,1
undying,1
coping,1
pita,1
sayin,1
russian,1
pronunciation,1
hillarious,1
wisley,1
smartly,1
hottub,1
wgonna,1
ome,1
disinterested,1
baout,1
haahhaha,1
minimum,1
wydim,1
ratemyprofessors,1
showratings,1
jsp,1
tid,1
tecting,1
hexadecimal,1
transfers,1
gut,1
unbuttoned,1
unprofessional,1
talkin,1
chancellor,1
recruiter,1
petition,1
midwest,1
windchill,1
boycott,1
frostbite,1
introducing,1
fundraiser,1
beats,1
fundraise,1
advertise,1
qualifier,1
prizes,1
swuares,1
grants,1
treasurer,1
eyelashes,1
froze,1
painfully,1
svreenshotted,1
layers,1
boiling,1
yesss,1
governed,1
issued,1
mattresses,1
gauge,1
beneficial,1
naps,1
flawless,1
supplemental,1
madyland,1
studadm,1
yuppers,1
ashleys,1
plank,1
ahaha,1
twighlight,1
sacred,1
continually,1
overwhelm,1
appy,1
preconception,1
guaranteed,1
twilight,1
huuuurt,1
toasty,1
understably,1
salsa,1
recorded,1
hhzha,1
fleeting,1
rates,1
celebrity,1
gooooooooood,1
attempt,1
defrost,1
aht,1
putlockertv,1
oqql,1
ian,1
pouts,1
manipulate,1
pace,1
ducked,1
catie,1
bridesmaid,1
thinkung,1
shush,1
edgewood,1
matc,1
presented,1
agent,1
hare,1
sooooooooo,1
dccited,1
fckgn,1
pmumped,1
ogmabhos,1
wows,1
nakalaye,1
jessiak,1
djkfldsakhf,1
volunteer,1
dsiveding,1
wtching,1
zyox,1
xe,1
upi,1
manipulating,1
poisoning,1
trumps,1
global,1
argues,1
apologised,1
consideration,1
frustrating,1
berating,1
concede,1
disagreed,1
bell,1
deserves,1
tume,1
ylu,1
chipotle,1
wimp,1
recognizing,1
mope,1
buffalo,1
dismissive,1
haging,1
continuously,1
yoi,1
whad,1
meth,1
ought,1
preworkout,1
cincpury,1
thatd,1
huffin,1
winded,1
ag,1
idkkkkkkkk,1
stack,1
qualified,1
das,1
entertaining,1
referrals,1
ahvent,1
wrenched,1
underqualified,1
hire,1
polco,1
servants,1
mme,1
unspoken,1
repierced,1
shh,1
jnae,1
chanel,1
backlash,1
wjat,1
mada,1
reall,1
misread,1
mercy,1
miller,1
instant,1
cameras,1
polaroid,1
timely,1
dale,1
mist,1
toed,1
bba,1
cutoff,1
paler,1
sparsely,1
hew,1
sophomore,1
tahoe,1
california,1
irresponsible,1
supporting,1
packers,1
intersects,1
corresponding,1
yhatels,1
pillow,1
cloud,1
sunflower,1
artsy,1
sleeves,1
statement,1
costarics,1
contour,1
teaches,1
wisconsibly,1
ptsd,1
laeve,1
fackin,1
undercooked,1
overlooked,1
hapoy,1
fu,1
logical,1
convert,1
format,1
blackkklansman,1
brew,1
tuttos,1
dedication,1
smy,1
scares,1
perfec,1
genuinley,1
thrm,1
danf,1
yaaaass,1
modified,1
nyc,1
poppio,1
gear,1
cruise,1
johnsons,1
gambling,1
dependant,1
unwaivering,1
assist,1
transition,1
heartedly,1
uninterested,1
uninterrupted,1
fragile,1
latch,1
turnoff,1
peohesss,1
thered,1
equal,1
obey,1
preserving,1
braiding,1
blizzards,1
behavior,1
progeny,1
genetic,1
transmission,1
cultural,1
traditions,1
unifying,1
ensure,1
continuation,1
discusses,1
settlers,1
federal,1
removal,1
communities,1
detrimental,1
trail,1
graves,1
creates,1
species,1
habitats,1
cohabitate,1
recalls,1
offspring,1
recounts,1
stumbled,1
upon,1
preservation,1
habitat,1
wetlands,1
forest,1
collateral,1
damage,1
blindly,1
preserve,1
revise,1
youu,1
posing,1
tiring,1
fineapple,1
strive,1
ick,1
acronym,1
onomonapea,1
reassessed,1
sweaty,1
bathing,1
tangled,1
theyd,1
earbuddyz,1
accessories,1
brefe,1
howuch,1
condoms,1
subliminal,1
irresistible,1
karate,1
theire,1
resumes,1
objective,1
curler,1
rigjt,1
wiscosin,1
lyfts,1
uses,1
kidnapped,1
driven,1
hahahahahahahahaaha,1
innocent,1
abort,1
incompatible,1
shipment,1
flirtatious,1
hep,1
introduced,1
cringy,1
flirty,1
recommendation,1
yoni,1
rob,1
mornings,1
jartop,1
elite,1
embark,1
websites,1
steap,1
slooth,1
slips,1
sleuthing,1
vocab,1
autocorrected,1
laueen,1
deel,1
frames,1
rly,1
menxhies,1
qpz,1
huiqoyk,1
tempted,1
wuv,1
uzanqx,1
wallow,1
spandex,1
seventeen,1
sucky,1
impact,1
remotely,1
ily,1
homeless,1
cops,1
maintenance,1
backpacks,1
walmart,1
fairly,1
grilled,1
article,1
thureau,1
senior,1
psychology,1
cutie,1
breading,1
gainz,1
shrink,1
polyester,1
jittery,1
deterrent,1
annoyingaf,1
erwins,1
presence,1
haggg,1
def,1
hhagagaga,1
restyrant,1
gentlemanly,1
grandes,1
repeat,1
longest,1
distress,1
properly,1
tending,1
draft,1
scenario,1
reinstated,1
yesvexatly,1
blocking,1
priorities,1
lined,1
dickish,1
wiser,1
prosperous,1
erwin,1
fakes,1
passable,1
teamjessika,1
beck,1
skis,1
helllllll,1
ebu,1
folders,1
storeage,1
groggy,1
lmk,1
identical,1
shoul,1
eps,1
uploading,1
mature,1
donated,1
crayons,1
soft,1
douches,1
drives,1
wayyy,1
creeper,1
scrunch,1
recent,1
pi,1
investment,1
transportin,1
kodak,1
wiziouno,1
wokfdlsk,1
gnn,1
drd,1
ht,1
shee,1
mot,1
ltg,1
memorize,1
lyrics,1
sing,1
procrastinate,1
mbow,1
glaze,1
footage,1
na,1
grip,1
disregard,1
yeeeeeah,1
discounts,1
sentences,1
coarse,1
filtration,1
raw,1
humic,1
acids,1
clays,1
pathogens,1
texbook,1
tripped,1
realllly,1
tit,1
league,1
backup,1
booooots,1
deadlift,1
zack,1
common,1
ttyl,1
snuffles,1
dearest,1
nigh,1
thou,1
fairest,1
passion,1
noted,1
lwm,1
amwyhbg,1
digestion,1
moderation,1
satisfied,1
otve,1
ipmklg,1
alves,1
muscular,1
endurance,1
supports,1
aid,1
grgic,1
investigated,1
efficacy,1
regularly,1
theory,1
binds,1
amongst,1
functions,1
reduced,1
stem,1
allows,1
bind,1
trained,1
experiment,1
manner,1
participants,1
blind,1
administered,1
reduce,1
grouped,1
moderate,1
measurements,1
determine,1
perform,1
consisted,1
familiarization,1
cyclist,1
completion,1
restricted,1
dietary,1
recall,1
implemented,1
fasted,1
performed,1
trends,1
reap,1
noting,1
generalized,1
males,1
tl,1
peperme,1
peppermint,1
retiring,1
retired,1
considereing,1
dent,1
dents,1
fait,1
luckly,1
imiportant,1
canvas,1
coded,1
linear,1
algebra,1
tools,1
operatioons,1
sour,1
seasoning,1
lettuce,1
sauvignon,1
blanc,1
pinot,1
grigio,1
reisling,1
cowboy,1
cliquey,1
sessions,1
fught,1
pleaze,1
dried,1
chiles,1
dice,1
shoplifters,1
playimg,1
repetitive,1
players,1
steals,1
strategy,1
tolerate,1
weirdness,1
loyal,1
cvvyfktglcg,1
unlocked,1
caties,1
eoooo,1
whelming,1
anniversary,1
avoids,1
evan,1
dza,1
yclvgg,1
grands,1
patrol,1
cousins,1
fuk,1
encouraging,1
guck,1
speechless,1
atom,1
fuuuuc,1
danger,1
wooeoooo,1
flavored,1
pony,1
deformed,1
thin,1
positions,1
fiesta,1
athingforaperson,1
thisismypassword,1
elitist,1
lfsqztihkh,1
amhcqpwh,1
xyiwnbhrqe,1
yzmmu,1
lsw,1
thrifty,1
gooooood,1
gentlemen,1
insert,1
undefeated,1
seemingly,1
disappearing,1
talent,1
porcelli,1
gentle,1
pecs,1
bouncing,1
frogged,1
sketch,1
buuuut,1
lactose,1
intolerant,1
highlight,1
august,1
instagram,1
acceptable,1
hight,1
cars,1
ditch,1
highway,1
triceps,1
dealt,1
depression,1
everyway,1
ignorantly,1
immediate,1
suuuuuuper,1
hoooooo,1
cords,1
sams,1
daycare,1
presidents,1
dtufff,1
bwmrr,1
cy,1
mk,1
wbh,1
kickboxing,1
lee,1
dragonfly,1
sculpt,1
excellent,1
levels,1
motivate,1
energize,1
provides,1
includes,1
salutations,1
blasts,1
yin,1
stretches,1
strengthen,1
dumbbell,1
incorporates,1
challenging,1
postures,1
creative,1
inversions,1
modifications,1
variations,1
intensity,1
mat,1
stations,1
bbc,1
benches,1
bambi,1
hippo,1
dmpnuhmrrjuhmjtda,1
nuj,1
zueupgrogjutv,1
cgq,1
evaluated,1
costra,1
fuuuuuk,1
pray,1
wooses,1
strangle,1
relish,1
cursing,1
csd,1
howzit,1
attend,1
subsequent,1
unable,1
postponed,1
liars,1
chatted,1
stickets,1
dustracted,1
dumbass,1
soaking,1
melting,1
bagels,1
clif,1
cluf,1
intramural,1
thatre,1
peel,1
glas,1
rentals,1
rissoto,1
arrested,1
requires,1
stir,1
reheated,1
arborio,1
bullion,1
sydney,1
reminding,1
lime,1
healing,1
ted,1
tedx,1
credibly,1
informational,1
denied,1
uggghhhh,1
jake,1
bases,1
employer,1
located,1
arranged,1
systems,1
pursuing,1
causing,1
liking,1
ali,1
cubes,1
ailse,1
intermural,1
gamesp,1
kickback,1
uow,1
somethin,1
dessert,1
pudding,1
cnt,1
awoken,1
inspiring,1
samsung,1
prelab,1
seminar,1
ridicule,1
desafiocostarica,1
sarapiqui,1
lisf,1
bose,1
ahhhhh,1
facetiming,1
volume,1
reacting,1
cheated,1
overstatement,1
ids,1
mouncer,1
langdon,1
blowing,1
pandoras,1
plural,1
noun,1
analyses,1
excess,1
sled,1
flat,1
brunchy,1
seatbelts,1
synergy,1
fistful,1
flour,1
egg,1
yolk,1
correctly,1
delectable,1
inspirational,1
moves,1
formulating,1
puked,1
suicide,1
ji,1
jglqhtu,1
shahaha,1
fashioned,1
pub,1
everly,1
solutions,1
powerpoint,1
john,1
cronon,1
essays,1
hopcat,1
infatuation,1
afterwards,1
preview,1
xtdjhfisxxfzgs,1
mkdwl,1
ibprkb,1
euqwykwrgome,1
iu,1
cba,1
kinds,1
traits,1
andbhe,1
grave,1
goooood,1
pinching,1
raises,1
circuit,1
injury,1
lik,1
whatnot,1
pact,1
hating,1
responsible,1
ease,1
prioritize,1
consequences,1
profound,1
hencane,1
although,1
sweeter,1
reevaluate,1
reconsidering,1
restraining,1
maybeee,1
blowout,1
fomo,1
brackets,1
championship,1
messagesi,1
uneasy,1
suppress,1
shutting,1
indebted,1
stil,1
tbt,1
shun,1
whores,1
lll,1
jonas,1
brothers,1
removeevennumbers,1
addoddnumbers,1
sumgreaterthan,1
dividenumbers,1
australia,2
ahhhhhh,2
medicine,2
australian,2
pong,2
festival,2
aarhusfestuge,2
regrets,2
concern,2
exhibition,2
debunk,2
nasa,2
uou,2
stubborn,2
pressuring,2
nowhere,2
ti,2
jalapenos,2
defines,2
mexico,2
mediocre,2
bugging,2
recommended,2
prison,2
argument,2
cent,2
feature,2
coach,2
fever,2
shakes,2
thrown,2
tonsils,2
outs,2
intimidating,2
discriminate,2
esteem,2
severe,2
heynick,2
translation,2
yogurt,2
lte,2
furious,2
tomorro,2
plain,2
addicting,2
nooo,2
resting,2
blender,2
chick,2
spins,2
included,2
basket,2
dec,2
yayyyy,2
ends,2
ohhhh,2
unisex,2
med,2
female,2
expo,2
sooo,2
peppers,2
servings,2
appetite,2
quit,2
pros,2
airplane,2
mode,2
etc,2
watches,2
kkkk,2
electronics,2
sketchy,2
flag,2
storcenter,2
margaritas,2
upside,2
cuter,2
frown,2
factors,2
architecture,2
sport,2
gis,2
sw,2
fellow,2
iut,2
physically,2
fourth,2
edition,2
bawling,2
excluded,2
marg,2
reg,2
ir,2
tooo,2
thaw,2
napped,2
rainbow,2
communal,2
pan,2
tupperware,2
listed,2
whyd,2
dizzy,2
museums,2
neal,2
caffery,2
mystery,2
crushes,2
clothing,2
merino,2
wool,2
drindl,2
turkey,2
windex,2
metal,2
tht,2
whenll,2
ryan,2
elle,2
el,2
sub,2
esn,2
oatmeal,2
slides,2
idol,2
returns,2
octoberfest,2
responds,2
focusing,2
unlike,2
passing,2
truck,2
turkish,2
whyre,2
challenges,2
sauna,2
thicker,2
diet,2
humor,2
dor,2
existence,2
aldi,2
grammar,2
negative,2
cliche,2
teachers,2
quac,2
host,2
smacked,2
il,2
dollar,2
gimme,2
lufthaven,2
ashamed,2
sort,2
landing,2
busses,2
se,2
reserved,2
european,2
monies,2
boarded,2
xd,2
fucki,2
ughhhhhh,2
jo,2
steve,2
grandpa,2
tents,2
theme,2
napping,2
bath,2
zombies,2
soooooooo,2
kirsten,2
uhh,2
decently,2
foam,2
sweatshirts,2
coh,2
tee,2
oversized,2
textured,2
leaning,2
towards,2
jessuka,2
clubs,2
raining,2
crawl,2
bffs,2
hid,2
closet,2
slack,2
responses,2
rose,2
greek,2
star,2
playlists,2
dumpster,2
diving,2
turtle,2
referring,2
unity,2
wakes,2
charms,2
roll,2
lara,2
indifferent,2
dinners,2
foods,2
ruins,2
fucks,2
loo,2
useful,2
dusseldorf,2
sleeps,2
sheets,2
wise,2
business,2
worn,2
craving,2
mug,2
indian,2
saras,2
passive,2
shelves,2
planks,2
apology,2
bernie,2
saving,2
commitment,2
swim,2
consider,2
improve,2
followed,2
pisses,2
crop,2
homesick,2
cousin,2
entertained,2
accepted,2
hah,2
bro,2
necessarily,2
microwave,2
bothers,2
summary,2
development,2
wel,2
attached,2
flew,2
hallway,2
crawling,2
flies,2
spiders,2
hahaja,2
complex,2
liar,2
lasting,2
friendly,2
woods,2
burrito,2
view,2
climb,2
lies,2
condition,2
mozzarella,2
moth,2
lifes,2
skeptical,2
religious,2
tall,2
regretting,2
aglio,2
olio,2
ned,2
apples,2
tequilaria,2
mile,2
classic,2
meijun,2
gottem,2
roasted,2
wht,2
rid,2
trump,2
allow,2
healthyquestionablehornedviper,2
heated,2
civil,2
attitude,2
sides,2
whatchu,2
gb,2
distaste,2
edu,2
incl,2
vat,2
usage,2
homemade,2
habits,2
transportation,2
finland,2
airlines,2
aarhus,2
sunshine,2
trampoline,2
individual,2
foreign,2
ow,2
ma,2
kommune,2
wallet,2
eary,2
participate,2
proof,2
reports,2
wowow,2
trave,2
barley,2
gracias,2
hadnt,2
mark,2
according,2
gifv,2
jeans,2
wiping,2
crashing,2
nugget,2
gon,2
obese,2
todays,2
teah,2
submitted,2
compensation,2
fuccc,2
crowded,2
trade,2
event,2
ai,2
gtg,2
ferry,2
accommodations,2
kaunas,2
tracked,2
cart,2
yiy,2
interaction,2
punished,2
punishment,2
intrude,2
thousand,2
impressions,2
recommendations,2
tapasbodega,2
qipnyo,2
bmyyarpgrqaygbjalsqxw,2
itxbymjvaee,2
xb,2
qippa,2
vbvfs,2
bmelrbdmwzzs,2
qipoid,2
kevel,2
vcduvsohu,2
ins,2
faqxuhcs,2
qipozqbk,2
iueppuye,2
wlvqcwqga,2
gtr,2
rkmk,2
fe,2
tapas,2
wherever,2
cal,2
birkenstocks,2
ultraboost,2
zoo,2
chilly,2
filler,2
carrying,2
luggage,2
infj,2
jumping,2
buddies,2
mainly,2
signing,2
ego,2
feeding,2
har,2
modtag,2
cents,2
bracelets,2
bracelet,2
researching,2
french,2
tub,2
omgomg,2
buzz,2
mph,2
ant,2
sabbatical,2
lovable,2
adopt,2
enjoying,2
fams,2
catching,2
six,2
confy,2
bombarding,2
series,2
princess,2
dresses,2
parent,2
rejsekorts,2
son,2
ditching,2
norreport,2
lower,2
replacement,2
meaningful,2
qualities,2
 ,2
thrift,2
spontaneous,2
wet,2
tag,2
kirill,2
dmitrev,2
uninformed,2
buffet,2
false,2
rubs,2
billion,2
rotate,2
clockwise,2
rotating,2
charismatic,2
directions,2
carefully,2
knees,2
younger,2
nodding,2
flailing,2
ecstatic,2
fraction,2
slee,2
fave,2
server,2
sesame,2
drops,2
lecturing,2
hookup,2
intimacy,2
pussy,2
relieve,2
services,2
reference,2
resume,2
husband,2
matched,2
chem,2
system,2
stale,2
printer,2
poster,2
feelin,2
melatonin,2
doors,2
laces,2
wok,2
tone,2
jumped,2
crew,2
xl,2
felipe,2
psa,2
pictured,2
dum,2
bj,2
entertainment,2
ru,2
counted,2
adriano,2
original,2
yell,2
cliffs,2
dorable,2
manual,2
northern,2
rum,2
posts,2
pumpkins,2
comma,2
whys,2
friluftsland,2
usual,2
independent,2
chunk,2
christiana,2
holiday,2
les,2
pencil,2
giggling,2
smelled,2
wall,2
unacceptable,2
goofy,2
cafes,2
facetimed,2
task,2
cans,2
realizing,2
programmed,2
desires,2
snot,2
bmi,2
pointed,2
sync,2
simulation,2
locked,2
spoiled,2
diameter,2
flush,2
pipes,2
answered,2
provide,2
sweetheart,2
als,2
doo,2
stopppp,2
dealing,2
spanish,2
oooo,2
studio,2
several,2
diagon,2
alley,2
entrance,2
footsteps,2
tails,2
millennium,2
filming,2
prints,2
graphics,2
warner,2
bfs,2
attracted,2
crosses,2
documented,2
sa,2
mitch,2
gin,2
tonics,2
five,2
combination,2
odesza,2
deprived,2
direct,2
ikr,2
oz,2
xn,2
bleeding,2
toes,2
klint,2
codes,2
pregame,2
fluffier,2
reheat,2
biscuits,2
lbs,2
churchill,2
unfortunately,2
duffle,2
dis,2
tuesdays,2
professional,2
turns,2
bodies,2
cure,2
canceled,2
swapfiets,2
earliest,2
pppl,2
bikes,2
chemistry,2
carbs,2
kkk,2
chugging,2
lid,2
rack,2
sucker,2
wood,2
puke,2
rested,2
multi,2
scattered,2
clock,2
thick,2
throbbing,2
concussed,2
fml,2
vegetables,2
wirecutter,2
ead,2
typo,2
hyneks,2
spirit,2
markets,2
jokes,2
typed,2
hesitate,2
mattress,2
summarize,2
reactions,2
overall,2
bitterness,2
dreamed,2
acid,2
suxks,2
hugger,2
bio,2
disappointment,2
generally,2
generous,2
shipped,2
packaged,2
sutherland,2
multitasking,2
takos,2
earrings,2
upgrade,2
slipped,2
hp,2
spite,2
fajita,2
cupon,2
ayk,2
sqji,2
hungary,2
toothbrush,2
motivational,2
speaker,2
revising,2
determination,2
madisonazon,2
manager,2
safer,2
weak,2
ughhhhh,2
console,2
activity,2
tooooo,2
contain,2
aiming,2
swimsuit,2
pools,2
punched,2
autistic,2
bush,2
windy,2
locker,2
rub,2
pissing,2
squeeze,2
june,2
wellbeing,2
conflicted,2
honest,2
continuing,2
elses,2
projector,2
hoo,2
presentations,2
fir,2
overthinking,2
mechanics,2
lucas,2
yu,2
stabbing,2
cringe,2
settling,2
ssd,2
watcj,2
history,2
agreement,2
costs,2
borgerservice,2
institution,2
recommend,2
adm,2
certainly,2
studies,2
regards,2
kitten,2
shy,2
yr,2
louis,2
fug,2
blanket,2
margarita,2
paint,2
cinnamon,2
heads,2
interact,2
cringey,2
gums,2
foldy,2
superset,2
screaming,2
wave,2
loses,2
greet,2
feed,2
upstairs,2
mentally,2
smarty,2
poke,2
calculator,2
soonish,2
merchant,2
electric,2
hypothetically,2
related,2
bite,2
welcomed,2
resenting,2
airports,2
bwi,2
wrapping,2
jave,2
preferably,2
ojayy,2
external,2
pillows,2
pit,2
adjustment,2
lag,2
wisco,2
straw,2
unpacking,2
mia,2
fay,2
normally,2
necklace,2
parsing,2
blunt,2
chasing,2
develop,2
intense,2
strongest,2
belly,2
goose,2
 i,2
journey,2
infinitley,2
rambling,2
overly,2
adjectives,2
elope,2
dhit,2
hou,2
woohoo,2
goodness,2
guest,2
ocer,2
smash,2
tyou,2
honeymoon,2
dynamic,2
phase,2
flipped,2
sadder,2
snowmobiling,2
angel,2
impossible,2
reassure,2
confidence,2
naturally,2
booty,2
hooked,2
kohler,2
blow,2
askreddit,2
wasting,2
witch,2
fauly,2
routing,2
child,2
quieter,2
vibe,2
dads,2
ironic,2
cycling,2
nudes,2
worl,2
tackling,2
hills,2
ringer,2
constant,2
portray,2
elvis,2
presley,2
tricks,2
ehhh,2
fighter,2
anal,2
waaaahhh,2
noice,2
tackle,2
hub,2
replaced,2
removed,2
dermatologist,2
persistent,2
fungus,2
mejiuns,2
ghost,2
dqgf,2
cheesy,2
aug,2
whose,2
drew,2
eyebrows,2
parties,2
fyi,2
offs,2
mcdonald,2
mcdonalds,2
venting,2
shout,2
hammered,2
moon,2
jealousy,2
laye,2
sights,2
facetime,2
fade,2
settings,2
begin,2
francisco,2
cookie,2
dough,2
socks,2
tummy,2
pc,2
mac,2
gaming,2
yoursef,2
ravens,2
profile,2
peaked,2
amy,2
lobster,2
growing,2
lector,2
shaved,2
irk,2
threat,2
offend,2
realest,2
url,2
mt,2
believing,2
sprint,2
busier,2
holidays,2
makt,2
stapled,2
befoee,2
bridesmaids,2
impatient,2
reeve,2
jim,2
michael,2
agonizing,2
objects,2
robbed,2
yard,2
twitter,2
status,2
masturbate,2
hilariously,2
everyones,2
born,2
highest,2
compromise,2
castles,2
hmmmmmmm,2
title,2
plugged,2
xbox,2
parse,2
lotion,2
everynight,2
spaces,2
potential,2
sensitive,2
convos,2
noodles,2
portillo,2
ema,2
natty,2
boh,2
beg,2
furnace,2
scrapbook,2
pooped,2
nodded,2
particularly,2
umd,2
mzaidoam,2
td,2
engbyh,2
nebraska,2
gas,2
swimming,2
impress,2
failing,2
practically,2
snaps,2
blocked,2
graduating,2
defined,2
chosen,2
ughhh,2
vids,2
snowmobile,2
resorts,2
beaver,2
creek,2
understandable,2
standard,2
aa,2
watcha,2
skiied,2
clearer,2
upsets,2
purely,2
conclusion,2
cluster,2
unbelievably,2
horror,2
scam,2
lockheed,2
entry,2
stabbed,2
ouch,2
portrait,2
detection,2
hyped,2
lean,2
discipline,2
effortlessly,2
minnesota,2
nuce,2
avo,2
roght,2
acts,2
prioritizing,2
jjsg,2
freely,2
butterflies,2
popopp,2
cave,2
communicate,2
pouring,2
grand,2
hurray,2
policies,2
returned,2
vulnerable,2
ds,2
paused,2
sf,2
porn,2
pineapple,2
cocktail,2
whay,2
sheb,2
amd,2
sativa,2
uo,2
spectacular,2
risky,2
cop,2
certain,2
boundaries,2
amounts,2
relax,2
handled,2
passionate,2
lasts,2
withdraw,2
teeth,2
whaaaat,2
pretending,2
engagement,2
bleh,2
denial,2
kansas,2
mushrooms,2
greater,2
camp,2
spots,2
demanding,2
acting,2
yku,2
desperation,2
phrased,2
understood,2
breakup,2
bias,2
blinded,2
sneaking,2
transparency,2
tsa,2
caption,2
frame,2
pear,2
flower,2
minus,2
lottery,2
plays,2
imagined,2
moments,2
specialist,2
hook,2
empathy,2
member,2
castle,2
settled,2
interpreting,2
toothpaste,2
strongly,2
trivial,2
believes,2
referral,2
mention,2
handedly,2
realizes,2
spotted,2
daddy,2
sprinting,2
lap,2
ethically,2
zipper,2
tuck,2
command,2
bookstore,2
switched,2
uneventful,2
mo,2
tasks,2
furniture,2
struggle,2
contributed,2
extatic,2
lifetime,2
sits,2
babies,2
favorites,2
rep,2
drain,2
athletes,2
professors,2
tas,2
assure,2
respects,2
draining,2
roses,2
gps,2
preliminary,2
emilys,2
deactivate,2
vp,2
verify,2
flash,2
blank,2
above,2
econ,2
bacon,2
ranch,2
northface,2
straps,2
bland,2
whoop,2
burner,2
poppops,2
pb,2
explained,2
reply,2
insecure,2
closing,2
spaced,2
readings,2
linen,2
object,2
prana,2
goofball,2
fashion,2
properties,2
molecules,2
brushed,2
fluon,2
william,2
farmville,2
errands,2
crushing,2
heading,2
elected,2
coaches,2
content,2
worrying,2
snowed,2
snows,2
heavily,2
peaceful,2
sooooooo,2
placeholder,2
reached,2
vera,2
adn,2
discussions,2
tiny,2
sophie,2
psf,2
combo,2
pacific,2
sap,2
thighs,2
wireless,2
sells,2
teams,2
bundled,2
bum,2
kent,2
opportunities,2
magnets,2
coco,2
sucka,2
delightful,2
caved,2
pep,2
judged,2
ascension,2
regard,2
halo,2
memorial,2
driver,2
delay,2
implied,2
poet,2
compassion,2
wings,2
bbq,2
reschedule,2
tied,2
refer,2
river,2
affecting,2
bruises,2
framed,2
clarify,2
pats,2
yhe,2
painted,2
tournaments,2
salty,2
fading,2
donut,2
interest,2
peers,2
sweetgrass,2
individuals,2
ancestors,2
remove,2
culture,2
generation,2
various,2
forehead,2
overalls,2
inserts,2
pods,2
earphones,2
impulsive,2
evidence,2
temptation,2
singles,2
boobs,2
downloaded,2
muir,2
reassurance,2
ariana,2
heal,2
romantically,2
validating,2
befote,2
woop,2
strangers,2
vacation,2
materials,2
punching,2
tempura,2
filling,2
stimulant,2
consumed,2
ergogenic,2
consume,2
scientists,2
crossover,2
treatments,2
supplemented,2
simply,2
subjects,2
involved,2
measured,2
perceived,2
exertion,2
appear,2
dr,2
programming,2
tutor,2
riesling,2
booted,2
positioning,2
insomnia,2
aris,2
injure,2
rooting,2
wins,2
reunion,2
pork,2
towel,2
funk,2
workouts,2
balances,2
bench,2
rican,2
infrastructure,2
cliff,2
yogibo,2
jacob,2
documentation,2
unfunny,2
downloads,2
rafting,2
danced,2
analysis,2
washing,2
rem,2
cpr,3
village,3
chef,3
hmmmmm,3
dbs,3
seats,3
vpn,3
login,3
starve,3
stage,3
noooo,3
ou,3
reach,3
peer,3
sadly,3
andres,3
mightve,3
thanksgiving,3
tip,3
disappoint,3
nachos,3
avoiding,3
hurting,3
fixed,3
dancing,3
flirting,3
cane,3
listener,3
selling,3
skylab,3
deliver,3
falafel,3
blood,3
shaking,3
purple,3
foggy,3
rave,3
boosts,3
boat,3
suggested,3
phrase,3
oj,3
restart,3
riding,3
samsoe,3
kinder,3
theirs,3
cicis,3
wooooo,3
pump,3
chinese,3
cooler,3
flowy,3
male,3
cakes,3
sec,3
windows,3
cons,3
crack,3
shampoo,3
tan,3
smiley,3
sink,3
addiction,3
convenient,3
ohhh,3
fields,3
grabbed,3
washed,3
drawer,3
file,3
urban,3
threatened,3
conflict,3
eve,3
yolo,3
scute,3
piano,3
keys,3
breast,3
guacamole,3
sinus,3
coolest,3
fund,3
join,3
appreciative,3
spelled,3
mazes,3
amusement,3
meat,3
rt,3
ep,3
validated,3
approved,3
sass,3
rent,3
html,3
ingredients,3
debatable,3
shipping,3
wears,3
west,3
graded,3
whichever,3
prague,3
competition,3
sight,3
intro,3
florida,3
wraps,3
spicy,3
challenge,3
inviting,3
refill,3
yy,3
plant,3
adapter,3
oky,3
meaningless,3
trader,3
joes,3
dining,3
construction,3
jeeze,3
calories,3
flirt,3
jacked,3
hostels,3
norwegian,3
refund,3
livid,3
airline,3
photoshop,3
overnight,3
wide,3
stars,3
oktoberfest,3
luke,3
hassle,3
hahaa,3
soil,3
pitch,3
reservations,3
dressed,3
underwear,3
dump,3
killer,3
legal,3
blacked,3
plastic,3
softer,3
ut,3
soccer,3
offer,3
cocky,3
default,3
craft,3
homie,3
speaks,3
tennessee,3
approve,3
gained,3
opener,3
olive,3
standby,3
suitcase,3
hahahha,3
fuzzy,3
aggressive,3
sooner,3
uploaded,3
fwd,3
douche,3
unplug,3
spoke,3
differently,3
laid,3
warning,3
reasoning,3
insulted,3
ah,3
beauty,3
dank,3
obvi,3
uglier,3
anne,3
homey,3
cities,3
conversations,3
notification,3
sheet,3
docs,3
posed,3
grew,3
selfless,3
thai,3
strain,3
plot,3
vid,3
wing,3
trapped,3
fruit,3
somehow,3
worthless,3
friendships,3
silently,3
bitches,3
warmer,3
lipgloss,3
vision,3
blurry,3
november,3
terrifying,3
extent,3
sweating,3
produce,3
opposed,3
hideous,3
superior,3
grapes,3
kavanaugh,3
supreme,3
ability,3
gfycat,3
republican,3
liberal,3
plugs,3
countries,3
chrome,3
roaming,3
cap,3
rome,3
jmcnellis,3
wisc,3
monthly,3
subscription,3
eu,3
information,3
lebara,3
reaction,3
housing,3
shape,3
hidden,3
clubbing,3
thrifting,3
downtown,3
randomly,3
grate,3
packs,3
sticks,3
doubted,3
nemid,3
ideal,3
chegg,3
chess,3
fatter,3
tak,3
fuuuuuuck,3
keyboard,3
tou,3
latest,3
belgium,3
poland,3
barcelona,3
mon,3
naked,3
income,3
remembering,3
rules,3
spilled,3
hooking,3
nauseous,3
la,3
de,3
corner,3
oven,3
slice,3
crush,3
eta,3
alcoholic,3
yayyyyyy,3
heartfelt,3
rubbing,3
whoever,3
du,3
og,3
er,3
din,3
gratis,3
et,3
exploring,3
france,3
eiffel,3
massages,3
events,3
ny,3
knowww,3
minnie,3
jackets,3
omfg,3
birth,3
nor,3
worthy,3
ridiculous,3
matches,3
kniw,3
mocie,3
accompany,3
rating,3
ellipticalling,3
camera,3
wheres,3
yayyyyy,3
obligated,3
bonded,3
adventures,3
obvious,3
safety,3
stressing,3
shift,3
older,3
disappear,3
tearing,3
ms,3
particular,3
wishes,3
dollars,3
papers,3
smiles,3
aged,3
walks,3
whore,3
wholesome,3
peas,3
yayy,3
routine,3
dulled,3
context,3
slightest,3
bedroom,3
fear,3
dies,3
immune,3
distract,3
specifically,3
printing,3
peed,3
queen,3
shoe,3
es,3
hugged,3
owes,3
shocked,3
brushing,3
cyst,3
spooky,3
blonde,3
bi,3
failed,3
yey,3
collect,3
involves,3
ads,3
alot,3
painful,3
decorations,3
mm,3
exercises,3
deliverable,3
quitting,3
skype,3
recording,3
resort,3
sadness,3
dated,3
someday,3
lectrofan,3
evaluation,3
snuggles,3
lobby,3
tries,3
beers,3
dat,3
setting,3
auto,3
oopsie,3
hahha,3
michigan,3
pipe,3
degrees,3
speed,3
walls,3
houses,3
gaining,3
thirsty,3
chug,3
oddly,3
chase,3
perfection,3
covered,3
sharp,3
eaters,3
four,3
hop,3
todau,3
filter,3
hed,3
smarter,3
smarts,3
wicked,3
champagne,3
dangerous,3
whatve,3
circle,3
mondays,3
freeze,3
pound,3
trusted,3
compete,3
aisle,3
stare,3
evolved,3
topic,3
sources,3
cancer,3
throughout,3
healthier,3
jess,3
calc,3
addicted,3
soda,3
freshman,3
blankets,3
counts,3
item,3
forgetting,3
baileys,3
ca,3
hiding,3
affect,3
tie,3
cleared,3
thewirecutter,3
portion,3
whered,3
	youre,3
offered,3
complaining,3
ml,3
mixed,3
pod,3
math,3
swap,3
crabby,3
dab,3
agustine,3
segments,3
crushed,3
breaths,3
charging,3
punch,3
partly,3
notifications,3
compare,3
trick,3
smoothie,3
flip,3
jacksons,3
ashley,3
tomato,3
education,3
skills,3
prior,3
sends,3
therefore,3
february,3
iced,3
skate,3
warming,3
brown,3
wrapped,3
listened,3
prettier,3
daughter,3
freal,3
hiya,3
affection,3
snuffly,3
finger,3
priceless,3
jail,3
connect,3
downloading,3
urs,3
battery,3
sucked,3
customs,3
unpack,3
kombucha,3
sets,3
heartbeat,3
ohhhhh,3
coding,3
vale,3
occasionally,3
loss,3
ooooo,3
suspicious,3
theyve,3
jaw,3
bold,3
seal,3
shock,3
comfort,3
possibly,3
laughs,3
brings,3
signs,3
winter,3
extended,3
crossing,3
whatsapp,3
chin,3
awe,3
connections,3
timing,3
bun,3
wiki,3
intimidated,3
version,3
runs,3
aba,3
tongue,3
bleach,3
determined,3
hype,3
dodge,3
answering,3
elbow,3
heheh,3
diamond,3
gray,3
mayne,3
jerk,3
yoday,3
happening,3
kindle,3
fire,3
san,3
bay,3
touchy,3
lake,3
vegan,3
hangin,3
stalked,3
bundle,3
portal,3
slowly,3
weighed,3
busiest,3
influence,3
ironed,3
madis,3
wax,3
decorating,3
np,3
linked,3
grrrrreat,3
cared,3
ballin,3
nye,3
drivers,3
significant,3
ops,3
shooting,3
prime,3
excel,3
delusional,3
staring,3
denim,3
dnd,3
map,3
possibility,3
alike,3
successful,3
ton,3
major,3
uncles,3
arc,3
respectful,3
madly,3
base,3
analyze,3
hide,3
emotion,3
agitated,3
bird,3
kindness,3
nate,3
caving,3
slide,3
buttons,3
brush,3
screenshot,3
misery,3
police,3
miles,3
streak,3
compared,3
barking,3
snowing,3
terribly,3
typical,3
scrap,3
impressive,3
dozen,3
ourselves,3
grieve,3
frozen,3
ruining,3
hooks,3
delivered,3
packages,3
utf,3
qid,3
keywords,3
snapped,3
harsh,3
walgreens,3
ifttt,3
treatment,3
easiest,3
recon,3
osprey,3
scientific,3
creation,3
rise,3
ships,3
asks,3
leftovers,3
trivia,3
mwf,3
alloy,3
essentials,3
superbowl,3
assigned,3
boards,3
required,3
recruited,3
members,3
growling,3
apps,3
government,3
pale,3
tanning,3
relaxing,3
lacrosse,3
aka,3
winner,3
grid,3
patriots,3
generations,3
kimmer,3
babysit,3
prescription,3
effects,3
strength,3
broccoli,3
habitual,3
receptors,3
marquette,3
tom,3
hardly,4
hall,4
protect,4
sake,4
kicked,4
heat,4
surprisingly,4
planned,4
york,4
tent,4
assuming,4
explaining,4
nose,4
rxbars,4
dirty,4
torture,4
mermaid,4
bueno,4
unhealthy,4
pepper,4
milk,4
aldis,4
include,4
december,4
string,4
garlic,4
garmin,4
tracking,4
waterproof,4
versa,4
ahhh,4
nutrition,4
brand,4
ultra,4
knee,4
prices,4
bake,4
mates,4
press,4
count,4
million,4
recipe,4
infection,4
thur,4
calendar,4
singing,4
weekly,4
corn,4
cats,4
dislike,4
sauce,4
mines,4
bother,4
describe,4
fallen,4
idc,4
ordering,4
messed,4
language,4
dose,4
finsta,4
fail,4
answers,4
studied,4
impression,4
pop,4
tucked,4
plate,4
plates,4
guac,4
stays,4
supposedly,4
juice,4
yoo,4
transfer,4
sux,4
appreciated,4
mitchell,4
grey,4
pattern,4
exited,4
hannah,4
indeed,4
unproductive,4
eh,4
choco,4
goin,4
bomb,4
bull,4
doin,4
ay,4
hat,4
peoples,4
picky,4
juicy,4
lied,4
lil,4
reasonable,4
potato,4
minimal,4
hospital,4
forex,4
currently,4
salmon,4
cake,4
hers,4
touched,4
cabinet,4
snapchat,4
romance,4
recipes,4
vodka,4
saved,4
roomies,4
wandering,4
sky,4
famous,4
helpful,4
model,4
edit,4
stalking,4
including,4
posted,4
cous,4
couples,4
pad,4
apologizes,4
definition,4
nighty,4
rejection,4
weigh,4
riddle,4
arguing,4
balance,4
ish,4
held,4
joy,4
vans,4
likely,4
method,4
platonic,4
politics,4
canada,4
aux,4
opinions,4
sweeden,4
adding,4
raise,4
increased,4
zone,4
purpose,4
skinny,4
sis,4
tivoli,4
malmo,4
veggies,4
kg,4
tri,4
killed,4
proposal,4
kissed,4
liquor,4
fuuuuck,4
awww,4
ups,4
hotels,4
china,4
nails,4
forth,4
barburrito,4
saf,4
shttps,4
flh,4
googleusercontent,4
fp,4
faf,4
dw,4
jagger,4
mommy,4
baguette,4
gain,4
ears,4
fucj,4
traffic,4
wander,4
guide,4
signed,4
standards,4
slumber,4
grateful,4
quite,4
ooh,4
ct,4
favor,4
bothering,4
resturant,4
sandwiches,4
pin,4
genie,4
richest,4
herself,4
opposite,4
rich,4
freak,4
oooh,4
oil,4
mike,4
gloves,4
somethings,4
messaged,4
shake,4
excitement,4
log,4
user,4
odds,4
public,4
speaking,4
immature,4
al,4
whenre,4
switching,4
rental,4
seeds,4
reminds,4
absolute,4
ear,4
barely,4
cured,4
noise,4
louder,4
distant,4
matching,4
tours,4
increase,4
option,4
prefect,4
printed,4
maintain,4
settle,4
bros,4
popcorn,4
results,4
scan,4
contrast,4
uber,4
waffles,4
casual,4
itd,4
headband,4
conscious,4
magic,4
jesse,4
mgmt,4
prob,4
usb,4
puts,4
dibs,4
sci,4
ours,4
waitlisted,4
cycle,4
frustrated,4
gun,4
buzzed,4
brain,4
hitting,4
previous,4
skipped,4
copy,4
term,4
colder,4
bestfriend,4
trouble,4
mentioned,4
argue,4
defensive,4
mental,4
testing,4
dorm,4
fee,4
energetic,4
fajitas,4
animal,4
pages,4
focused,4
n,4
dc,4
freaked,4
sober,4
mi,4
textbook,4
kelly,4
imperfect,4
sees,4
momma,4
sounded,4
lion,4
ended,4
unforgettable,4
reminder,4
unnecessary,4
national,4
responsibility,4
embarrassing,4
brownie,4
shoot,4
personable,4
form,4
fo,4
wells,4
valuable,4
wikipedia,4
tourney,4
sunset,4
faster,4
jet,4
natural,4
recently,4
opening,4
however,4
player,4
fighting,4
ijji,4
denver,4
compliments,4
org,4
imagining,4
swift,4
emergency,4
parts,4
nephews,4
apt,4
wowza,4
hehehehe,4
dentist,4
sisters,4
hiccups,4
reward,4
exist,4
iphone,4
positive,4
tank,4
stronger,4
ho,4
le,4
yayyy,4
basement,4
formal,4
purchase,4
relate,4
bae,4
length,4
beyond,4
engineers,4
snowy,4
episodes,4
hedwig,4
inch,4
create,4
sales,4
screenshots,4
romper,4
prepare,4
hhahaha,4
engineer,4
pairs,4
continues,4
lack,4
pockets,4
dude,4
exclusively,4
undivided,4
clingy,4
possession,4
edibles,4
voicemail,4
stalker,4
honey,4
tags,4
priority,4
position,4
poppopp,4
panera,4
progress,4
planner,4
tryouts,4
ref,4
dvd,4
dicks,4
textbooks,4
device,4
terms,4
fob,4
dvds,4
advisor,4
union,4
jeni,4
therapist,4
lulu,4
dozens,4
gaia,4
environmental,4
pant,4
laurens,4
orgasm,4
reeces,4
aloe,4
infatuated,4
amphibians,4
asos,4
froyo,4
bang,4
veggie,4
adenosine,4
max,4
kiddo,4
dips,4
poses,4
function,4
param,4
mod,4
passport,5
shelf,5
mint,5
messing,5
yeh,5
anxious,5
neither,5
round,5
solid,5
kick,5
jamesweavr,5
forced,5
zillion,5
goal,5
reserve,5
http,5
further,5
irrelevant,5
photos,5
mix,5
continue,5
names,5
vitamin,5
powder,5
assume,5
decent,5
october,5
pleasure,5
opens,5
probs,5
difficult,5
tinder,5
claim,5
noticed,5
become,5
multiple,5
granola,5
regular,5
finishing,5
hynik,5
charged,5
caps,5
onion,5
heaven,5
hmmm,5
cross,5
grinding,5
forgive,5
court,5
ideas,5
mapping,5
arrive,5
fits,5
italian,5
closest,5
direction,5
trees,5
solve,5
mr,5
hole,5
official,5
tests,5
complete,5
salad,5
gud,5
till,5
replace,5
gives,5
distracted,5
slammed,5
campaign,5
gfs,5
refunded,5
pocket,5
vote,5
sledding,5
giant,5
grandma,5
ducking,5
aware,5
film,5
hint,5
orange,5
key,5
america,5
advance,5
dam,5
misses,5
beds,5
prep,5
cheat,5
survivor,5
surgery,5
avoid,5
garden,5
lifts,5
defense,5
strange,5
ending,5
chose,5
waste,5
spread,5
fri,5
exists,5
hunting,5
quote,5
action,5
hike,5
unreal,5
activities,5
define,5
path,5
decisions,5
cabin,5
mmm,5
lemon,5
mango,5
cover,5
scale,5
truth,5
personality,5
popular,5
woman,5
confirmed,5
illegal,5
quiet,5
kroner,5
receive,5
react,5
freezing,5
spring,5
sarcasm,5
distracting,5
dawg,5
exercise,5
blaming,5
death,5
lock,5
burn,5
requested,5
creating,5
unique,5
register,5
deserved,5
bestest,5
toe,5
level,5
avocado,5
cmon,5
hoe,5
confirmation,5
mate,5
stealing,5
boost,5
tower,5
restaurants,5
yayayay,5
rain,5
rides,5
costume,5
following,5
stream,5
adults,5
showing,5
deciding,5
lists,5
birch,5
wi,5
taught,5
immediately,5
earth,5
heavy,5
necessary,5
cheating,5
groups,5
area,5
memory,5
pulling,5
daily,5
example,5
whatsup,5
road,5
market,5
sas,5
courses,5
opportunity,5
known,5
empty,5
pro,5
dokie,5
roomate,5
law,5
flow,5
geneva,5
psych,5
juggling,5
louisiana,5
mother,5
ladies,5
background,5
stole,5
mimosas,5
brunch,5
island,5
ie,5
policy,5
secret,5
institute,5
designed,5
sticker,5
binary,5
meaning,5
beach,5
begging,5
congrats,5
king,5
pounding,5
struggling,5
expected,5
womens,5
drug,5
fan,5
facebook,5
comparing,5
prepared,5
disaster,5
material,5
leading,5
insurance,5
success,5
batter,5
sweetest,5
dp,5
extremely,5
tears,5
snuck,5
access,5
itself,5
initial,5
silence,5
treasure,5
prove,5
adorkable,5
floribama,5
target,5
sweats,5
dagger,5
fork,5
shark,5
steam,5
apologized,5
resent,5
tryna,5
roads,5
drove,5
bore,5
placebo,5
young,5
minor,5
goober,5
spa,5
internet,5
advantage,5
indica,5
emotionally,5
overwhelming,5
risk,5
advice,5
available,5
confident,5
cow,5
nonstop,5
valid,5
latour,5
hydroflask,5
wunder,5
solving,5
uw,5
abi,5
capacity,5
quarter,5
rams,5
darling,5
lyft,5
cyclists,5
loops,5
campus,6
roommate,6
impressed,6
seemed,6
allowed,6
da,6
bahaha,6
containers,6
steps,6
mexican,6
shops,6
beef,6
expectations,6
cupboard,6
lukas,6
deposit,6
venmo,6
university,6
dropping,6
meds,6
tells,6
race,6
appt,6
pathetic,6
yup,6
zip,6
prize,6
general,6
imma,6
apologizing,6
sports,6
everywhere,6
knock,6
notice,6
teacher,6
midnight,6
bottles,6
hahahhaa,6
aside,6
turning,6
considered,6
bff,6
limes,6
oct,6
dates,6
cheapest,6
counter,6
tops,6
hurry,6
requirement,6
ruin,6
notes,6
foot,6
embarrass,6
dropped,6
machine,6
treat,6
toast,6
boarding,6
flying,6
accommodation,6
agreed,6
caring,6
crash,6
shouldve,6
snuggle,6
adult,6
climbing,6
glass,6
flavor,6
diff,6
sea,6
treats,6
ded,6
wind,6
neck,6
pretend,6
delete,6
ad,6
bananas,6
risotto,6
ta,6
moved,6
onto,6
marriage,6
gossip,6
rooms,6
rock,6
stalk,6
meals,6
request,6
vent,6
hopeless,6
swear,6
wanting,6
handle,6
waited,6
pounds,6
wonderful,6
chances,6
limit,6
automatically,6
separate,6
effect,6
blech,6
hhaha,6
chilling,6
children,6
angry,6
secrets,6
understanding,6
smiled,6
fuuuck,6
asian,6
alicante,6
vienna,6
leg,6
bowl,6
pinky,6
fucjing,6
truly,6
mcnellis,6
fucker,6
soooooo,6
sms,6
passes,6
themselves,6
wooo,6
written,6
cya,6
helped,6
admit,6
tested,6
presentation,6
anxiety,6
fck,6
umm,6
based,6
survive,6
alarm,6
ethan,6
pumpkin,6
main,6
damien,6
yelled,6
teaching,6
news,6
stops,6
goggles,6
subject,6
bridge,6
pink,6
suit,6
died,6
tolerance,6
square,6
wed,6
feet,6
directly,6
giddy,6
grades,6
muscles,6
stopping,6
deals,6
changes,6
adore,6
express,6
sentence,6
experiences,6
hated,6
soul,6
overthink,6
perfectly,6
buh,6
enjoyed,6
skating,6
presents,6
grandparents,6
connected,6
nationals,6
dork,6
stresses,6
belong,6
jan,6
essay,6
kathi,6
merry,6
wa,6
non,6
upload,6
gyms,6
coconut,6
considering,6
ezra,6
ari,6
eighth,6
unconditionally,6
tn,6
understands,6
applied,6
cutest,6
role,6
standing,6
handling,6
power,6
hii,6
sr,6
wemo,6
donate,6
valentine,6
rica,6
wichita,6
ucla,6
astronomy,6
babysitting,6
airpods,6
matlab,6
boot,6
hao,7
changing,7
pressured,7
exhausting,7
personally,7
guarantee,7
articles,7
info,7
matters,7
throat,7
strep,7
colors,7
added,7
molly,7
thurs,7
english,7
mostly,7
bilka,7
gold,7
fish,7
unsure,7
specific,7
ikea,7
hmmmm,7
hardest,7
exchange,7
avocados,7
jack,7
pm,7
wondering,7
threw,7
projects,7
large,7
nicest,7
pesto,7
bagel,7
low,7
compliment,7
munich,7
rite,7
none,7
outfit,7
beginning,7
benefits,7
source,7
showered,7
basic,7
weather,7
pretzel,7
insta,7
ignoring,7
ooooh,7
closes,7
playlist,7
gurl,7
stick,7
nerd,7
greece,7
korean,7
exclusive,7
cafe,7
interested,7
pool,7
sanne,7
burden,7
eaten,7
similar,7
social,7
row,7
helping,7
fckin,7
showering,7
grow,7
per,7
nuts,7
iceland,7
field,7
sarcastic,7
absolutely,7
tix,7
labs,7
plenty,7
panic,7
excercises,7
rejsekort,7
yelling,7
window,7
band,7
ps,7
burgers,7
burger,7
til,7
md,7
tax,7
score,7
higher,7
appreciation,7
cares,7
arm,7
miserable,7
laughing,7
dark,7
toward,7
hip,7
happily,7
pure,7
rxbar,7
cooked,7
keeping,7
mirror,7
booking,7
students,7
important,7
guilty,7
computers,7
internship,7
convince,7
wasted,7
memories,7
fantastic,7
smoke,7
kno,7
slopes,7
oats,7
breaks,7
pushed,7
suits,7
throwing,7
maryland,7
regardless,7
splitting,7
songs,7
bowls,7
precious,7
weights,7
reminded,7
bond,7
resentment,7
wrap,7
march,7
graduation,7
tree,7
families,7
messy,7
enjoyable,7
jj,7
jump,7
rd,7
blueberry,7
laying,7
edible,7
north,7
mens,7
gpa,7
hahahahahah,7
suppose,7
mountain,7
fill,7
product,7
costa,7
training,7
stickers,7
res,7
wbu,8
hungover,8
waking,8
exit,8
noo,8
regret,8
lifted,8
club,8
simple,8
restaurant,8
built,8
yellow,8
sweat,8
slightly,8
load,8
debating,8
explore,8
rush,8
fried,8
buying,8
quality,8
average,8
fitness,8
groceries,8
banana,8
j,8
reasons,8
drinks,8
record,8
american,8
monica,8
germany,8
invited,8
german,8
near,8
universe,8
balls,8
finals,8
mg,8
core,8
hands,8
blame,8
shoulda,8
security,8
disappointed,8
search,8
noon,8
cph,8
page,8
euro,8
expecting,8
age,8
disturb,8
remembered,8
stores,8
reality,8
heres,8
annoys,8
depressed,8
graduate,8
invested,8
sometime,8
whatcha,8
hahahahahahaha,8
genuine,8
relationships,8
incredibly,8
thoughtful,8
hiking,8
gorgeous,8
obsessed,8
choose,8
caught,8
offense,8
everytime,8
bnb,8
weren,8
depressing,8
johnson,8
loud,8
shorter,8
promised,8
actions,8
alive,8
period,8
ignore,8
ssam,8
wore,8
mini,8
bakken,8
coupon,8
sir,8
david,8
pregnant,8
treadmill,8
parking,8
lights,8
filled,8
ipad,8
fix,8
haircut,8
babe,8
gl,8
behind,8
laptop,8
art,8
nana,8
perspective,8
bank,8
asap,8
hamilton,8
massage,8
soulmate,8
transparent,8
within,8
deep,8
freakin,8
align,8
myparam,8
nums,8
headache,9
vs,9
marathon,9
checking,9
step,9
selfish,9
easily,9
charm,9
legit,9
depending,9
eventually,9
emailed,9
sandwich,9
yum,9
learned,9
headphones,9
correct,9
grab,9
biking,9
drained,9
issue,9
research,9
master,9
breathe,9
skipping,9
uncomfortable,9
changed,9
sup,9
spain,9
international,9
office,9
afternoon,9
man,9
lips,9
naples,9
piece,9
loser,9
butter,9
professor,9
dress,9
speak,9
sushi,9
menu,9
responded,9
pain,9
chips,9
hahaga,9
central,9
laundry,9
updated,9
complain,9
catch,9
updates,9
delayed,9
sooooo,9
hoodie,9
slow,9
cost,9
jamie,9
salt,9
responding,9
dramatic,9
process,9
tel,9
taste,9
jw,9
fresh,9
oslo,9
sharing,9
uk,9
broken,9
annoy,9
thatll,9
makeup,9
ride,9
stressful,9
tech,9
judge,9
paris,9
attack,9
lectures,9
summit,9
motivation,9
dehydrated,9
letters,9
mhmm,9
lithuania,9
exact,9
friendship,9
anywhere,9
sneak,9
ring,9
turned,9
bug,9
killing,9
sweden,9
plug,9
heck,9
poof,9
carrots,9
fully,9
downstairs,9
picking,9
noodle,9
cash,9
comments,9
unhappy,9
worries,9
box,9
album,9
calls,9
focus,9
given,9
build,9
patagonia,9
photo,9
helps,9
knowledge,9
trial,9
comfy,9
cheese,9
talks,9
engineering,9
community,9
edge,9
rei,9
state,9
tournament,9
lululemon,9
prod,9
badger,9
sum,9
pre,10
cups,10
dance,10
reservation,10
gmail,10
minute,10
steak,10
student,10
discount,10
shirley,10
april,10
prof,10
drugs,10
shots,10
town,10
charge,10
ground,10
site,10
l,10
freezer,10
sleepy,10
sun,10
leaves,10
private,10
yummy,10
ordered,10
confusing,10
physical,10
srry,10
joking,10
states,10
enter,10
shoulder,10
points,10
sleeve,10
pissed,10
landed,10
blast,10
messages,10
borrow,10
design,10
touch,10
desk,10
lemme,10
couldve,10
nd,10
whether,10
complicated,10
others,10
clear,10
mountains,10
starting,10
stuck,10
excuse,10
boom,10
country,10
hearing,10
splitwise,10
finding,10
woah,10
lit,10
youd,10
convinced,10
boss,10
men,10
rate,10
sheboygan,10
picked,10
goof,10
intermittent,10
agustin,10
beans,10
goo,10
program,10
pressure,10
puppy,10
muscle,10
constantly,10
against,10
vacuum,10
button,10
springs,10
camping,10
alcohol,11
biggest,11
steal,11
station,11
starts,11
netflix,11
table,11
phones,11
service,11
canteen,11
rx,11
shirts,11
concerned,11
sale,11
pull,11
energy,11
lay,11
jackson,11
museum,11
stairs,11
sassy,11
peanut,11
hopes,11
apparently,11
teach,11
brother,11
ex,11
medium,11
journal,11
ran,11
ahead,11
along,11
accept,11
cozy,11
remind,11
poor,11
hates,11
screen,11
disney,11
wife,11
pulled,11
block,11
fasting,11
strong,11
weed,11
zermatt,11
smaller,11
contacts,11
concussion,11
bb,11
emotions,11
vail,11
miler,11
emmas,11
terrified,11
tapestry,11
kenny,11
donating,11
squares,11
intake,11
sos,12
terrible,12
center,12
dkk,12
fotex,12
youtube,12
howd,12
typing,12
clearly,12
across,12
cream,12
lib,12
carry,12
season,12
fitbit,12
creepy,12
software,12
type,12
random,12
soooo,12
bottom,12
weekends,12
sat,12
fake,12
hoping,12
cleaning,12
traveling,12
paid,12
hostel,12
match,12
mouse,12
stand,12
luck,12
dead,12
bullshit,12
en,12
knowing,12
thankful,12
passed,12
sell,12
opinion,12
problems,12
deleted,12
nights,12
abroad,12
weve,12
personal,12
showed,12
stomach,12
shorts,12
halloween,12
address,12
freaking,12
force,12
bigger,12
snack,12
applying,12
double,12
packing,12
cuddle,12
discussion,12
kay,12
transcript,12
scare,12
hehehe,12
aunt,12
link,13
dk,13
willing,13
pee,13
forsure,13
blue,13
taco,13
shows,13
spell,13
street,13
health,13
tea,13
shoulders,13
bread,13
amount,13
shell,13
omw,13
nov,13
tequila,13
moment,13
eggs,13
dry,13
chat,13
opened,13
partner,13
booked,13
wedding,13
inside,13
lying,13
quiz,13
miry,13
hummus,13
adventure,13
cancel,13
coat,13
pair,13
act,13
sugar,13
sweater,13
embarrassed,13
girlfriend,13
due,13
hasn,13
twice,13
spending,13
chest,13
lived,13
cookies,13
madrid,13
london,13
snowboard,13
shouldn,13
fact,13
green,13
dare,13
laughed,13
grade,13
stayed,13
scarf,13
dunkin,13
rudy,13
support,13
elm,13
living,14
fridge,14
rough,14
nicer,14
wya,14
password,14
shared,14
cope,14
closer,14
anytime,14
wifi,14
paying,14
issues,14
reddit,14
whoops,14
often,14
assignment,14
bachelor,14
metro,14
drank,14
berlin,14
park,14
air,14
cheaper,14
careful,14
comp,14
options,14
snacks,14
holding,14
lie,14
joe,14
utm,14
sold,14
smells,14
awful,14
lonely,14
eye,14
missing,14
convo,14
mood,14
putting,14
breaking,14
difference,14
realized,14
online,14
smiling,14
harder,14
exams,14
completely,14
report,14
doctor,14
couple,14
learning,14
kissing,14
drama,14
valentines,14
smh,15
soo,15
hr,15
expect,15
birthday,15
choice,15
otherwise,15
wash,15
hand,15
whos,15
code,15
update,15
pasta,15
split,15
beat,15
apple,15
tf,15
details,15
agree,15
cause,15
fuckin,15
third,15
reviews,15
sending,15
grumpy,15
lazy,15
videos,15
tough,15
surprised,15
baltimore,15
flowers,15
yep,15
thay,15
basically,15
contact,15
summer,15
planning,15
attractive,15
afraid,15
hangout,15
click,15
special,15
total,15
diana,15
connection,15
couch,15
forward,15
lady,15
sike,15
brb,15
team,15
boyfriend,15
numbers,15
membership,15
milwaukee,15
brie,15
caroline,15
gahaha,16
losing,16
seat,16
download,16
checked,16
played,16
g,16
invite,16
q,16
website,16
whatd,16
city,16
stopped,16
episode,16
bud,16
note,16
straight,16
cup,16
floor,16
paper,16
response,16
amazon,16
mail,16
women,16
interview,16
gate,16
calm,16
flask,16
bunch,16
meal,16
board,16
listening,16
welcome,16
awhile,16
yiu,16
arms,16
apart,16
pushing,16
potter,16
dog,16
madi,16
earlier,17
cards,17
tacos,17
pandora,17
elliptical,17
sound,17
doc,17
using,17
decision,17
comes,17
gotcha,17
owe,17
wouldve,17
hello,17
fight,17
worked,17
cat,17
btw,17
vyvanse,17
nobody,17
eyes,17
thoughts,17
charger,17
normal,17
sweatshirt,17
dick,17
dogs,17
ig,17
lucky,17
fb,17
three,17
pictures,17
wonder,17
moving,17
sry,17
stories,17
switch,17
	you,17
respect,17
poppop,17
cannot,17
books,17
skiing,17
yoga,17
candy,18
werent,18
kitchen,18
letting,18
imgur,18
mp,18
self,18
joke,18
perf,18
college,18
duh,18
lecture,18
fit,18
um,18
p,18
hrs,18
watched,18
hasnt,18
eachother,18
silly,18
spot,18
insane,18
awake,18
thx,18
push,18
kid,18
hydro,18
trust,18
experience,18
front,18
butt,18
spent,18
word,18
dreams,18
ship,18
uh,18
needed,18
harry,18
coo,18
happiest,18
future,18
boots,18
shouldnt,19
taken,19
ticket,19
follow,19
theyll,19
brought,19
italy,19
practice,19
seriously,19
add,19
reading,19
learn,19
flights,19
sara,19
red,19
aren,19
studying,19
saturday,19
final,19
offended,19
ooo,19
prefer,19
bags,19
packed,19
hung,19
print,19
glasses,19
ways,19
share,19
company,19
falling,19
writing,19
airbnb,19
epic,19
fricken,19
blah,19
himself,19
environment,19
wearing,20
lives,20
pumped,20
present,20
grind,20
actual,20
homework,20
price,20
youtu,20
light,20
budapest,20
size,20
closed,20
arent,20
yo,20
plans,20
bottle,20
emotional,20
short,20
duck,20
scary,20
situation,20
nah,20
control,20
sam,20
mkay,20
feb,20
apply,20
throw,21
tickets,21
walked,21
collar,21
finally,21
may,21
rice,21
needs,21
ice,21
plz,21
fluids,21
gross,21
fat,21
must,21
maps,21
ass,21
backpack,21
boring,21
healthy,21
jacket,21
productive,21
comment,21
y,21
fav,21
post,21
apologise,21
romantic,21
possible,21
sign,21
wrote,21
overwhelmed,21
netto,22
middle,22
stress,22
chill,22
starving,22
credit,22
hm,22
ahh,22
longer,22
figured,22
works,22
effort,22
words,22
stupid,22
travel,22
under,22
land,22
uncle,22
kids,22
tour,22
movies,22
dang,22
f,22
account,22
curious,22
easier,22
case,22
semester,22
caffeine,22
breakfast,23
comfortable,23
music,23
message,23
fast,23
explain,23
lots,23
shitty,23
concert,23
europe,23
cook,23
cancelled,23
instead,23
places,23
problem,23
clean,23
ew,23
kill,23
hella,23
pretzels,23
trips,23
tight,23
aww,23
cardio,23
distance,23
cried,23
co,23
roommates,23
fell,23
leggings,23
stfu,23
jesus,23
danish,24
woke,24
bathroom,24
question,24
depends,24
hahahahahaha,24
door,24
worst,24
attention,24
clothes,24
couldn,24
redd,24
woo,24
sense,24
oops,24
baby,24
questions,24
happens,24
hit,24
norway,24
moms,24
track,24
st,24
beer,25
skip,25
headed,25
hahah,25
gotten,25
totally,25
plus,25
fault,25
obviously,25
gf,25
song,25
during,25
warm,25
weight,25
decided,25
happier,25
soup,25
smell,25
boy,26
running,26
location,26
youve,26
bet,26
shoes,26
discuss,26
package,26
ago,26
bitch,26
abs,26
th,26
cooking,26
idiot,26
laugh,26
realize,26
ifk,26
kiss,26
apartment,26
tbh,27
genuinely,27
lifting,27
mess,27
hotel,27
chocolate,27
color,27
conversation,27
worse,27
schedule,27
tuesday,27
building,27
lab,27
human,27
fly,27
seeing,27
h,27
hahahahah,27
single,27
colorado,27
spotify,27
shot,27
fucked,27
tv,27
mind,28
huge,28
bday,28
wisconsin,28
sore,28
drop,28
c,28
test,28
yoy,28
gay,28
wine,28
safe,28
dear,28
month,28
isn,28
dad,28
hilarious,28
daniels,28
slept,29
visit,29
unless,29
save,29
gifts,29
pizza,29
bag,29
liked,29
bball,29
doubt,29
staying,29
meant,29
seems,29
x,29
ft,29
gotta,29
hug,29
snowboarding,29
bars,30
app,30
picture,30
snap,30
bike,30
anyways,30
line,30
computer,30
imagine,30
set,30
decide,30
takes,30
pack,30
alon,30
sex,30
entire,30
parents,30
feels,30
holy,31
si,31
enjoy,31
horrible,31
sitting,31
store,31
bringing,31
cranky,31
listen,31
bit,31
project,31
hanging,31
shut,31
answer,31
especially,31
ugly,31
calling,31
heard,31
surprise,31
keeps,31
dream,31
dating,31
clue,32
container,32
meeting,32
lyngby,32
meh,32
likes,32
anymore,32
couldnt,32
cut,32
seem,32
loved,32
finished,32
em,32
snow,32
jobs,32
happened,32
k,33
reason,33
dying,33
switzerland,33
protein,33
fair,33
ski,33
matter,34
data,34
giving,34
happen,34
figure,34
drinking,34
hynek,34
old,34
exhausted,34
boys,34
waiting,34
apologize,34
interesting,34
looked,35
between,35
library,35
ate,35
rude,35
easy,35
happiness,35
except,35
story,35
tried,35
lose,35
hair,35
gave,36
extra,36
die,36
copenhagen,36
hungry,36
knows,36
exam,36
loves,36
grocery,36
texts,36
party,37
ball,37
return,37
ohh,37
telling,37
list,37
legs,37
turn,37
marry,37
alright,37
win,37
whenever,38
quick,38
side,38
gone,38
hurt,38
body,38
isnt,38
usually,38
classes,38
wasn,38
whens,38
number,38
smile,38
order,38
letter,38
plasma,38
dtu,39
v,39
full,39
incredible,39
years,39
called,40
af,40
serious,40
supposed,40
idea,40
lame,40
point,40
study,40
thinks,40
o,40
own,41
plan,41
bf,41
gift,41
deal,41
nap,41
rather,41
wednesday,41
monday,41
pants,41
goodbye,41
basketball,42
outside,42
pass,42
train,42
found,42
google,42
playing,42
wouldn,42
annoyed,42
asleep,42
chicago,42
yikes,43
nervous,43
somewhere,43
bar,43
whatre,43
wear,43
broke,43
airport,43
texted,43
space,43
car,43
tg,43
hey,44
hopefully,44
chance,44
talked,44
means,44
shirt,44
sunday,44
past,44
small,44
wat,44
texting,44
knew,44
confused,44
sister,44
driving,44
lost,45
change,45
girls,45
felt,45
shop,45
games,45
write,45
bus,46
voice,46
anyway,46
card,46
top,46
expensive,46
face,46
asking,46
bought,47
sit,47
hmm,47
sleeping,47
upset,47
feeling,48
book,48
used,48
goes,48
mad,48
year,48
hold,48
denmark,48
id,48
plane,48
chelsea,48
worth,49
name,49
smart,49
feelings,49
yours,50
greatest,50
hell,50
shower,50
glad,50
hurts,50
cheap,50
e,50
these,50
second,50
house,50
game,51
lift,51
walking,51
wasnt,51
beautiful,51
fucking,51
gets,51
heart,51
fall,51
married,51
respond,51
part,52
understand,52
jealous,52
times,52
bored,52
exciting,52
everyday,52
sweet,53
white,53
eating,53
jk,53
their,53
emily,53
wake,54
real,54
email,54
since,54
ofc,54
high,54
weeks,55
b,55
awkward,55
kept,55
kidding,56
late,56
havent,56
yourself,56
sick,57
friday,57
black,57
free,57
sometimes,57
forgot,58
yesterday,58
rn,58
aw,58
each,59
madison,59
took,60
christmas,60
finish,61
saw,61
pay,61
www,61
nvm,62
proud,62
months,62
stressed,62
hw,62
hear,63
started,63
end,63
trip,63
ready,63
missed,63
water,63
date,63
cold,64
pick,64
doesn,64
busy,64
crying,64
itll,65
seen,66
anyone,66
alone,66
video,66
whole,66
live,67
close,67
sent,67
haven,68
far,68
move,68
pls,68
group,69
looking,69
chicken,69
crazy,69
drive,69
emma,69
asked,70
tired,70
bye,70
cici,71
thursday,71
met,71
lauren,71
please,72
ones,72
pic,72
hows,73
whatever,73
scared,73
nope,73
without,74
half,74
wants,74
taking,74
check,74
awesome,75
amazing,75
forget,75
appreciate,76
job,76
forever,77
leaving,77
hours,77
hot,78
believe,78
while,78
hehe,78
cry,78
once,79
hahahahaha,79
spend,79
looks,80
mine,80
ha,80
ik,80
r,81
through,81
thinking,81
buy,82
shopping,82
either,82
such,82
guess,83
having,83
early,83
pics,83
reece,83
ppl,84
saying,84
worry,85
wouldnt,85
dumb,85
hang,86
drink,86
came,86
big,86
sounds,87
movie,87
says,88
shes,88
show,88
different,88
suck,88
run,89
read,89
lunch,90
less,90
remember,90
open,90
able,90
else,91
enough,91
start,92
ugh,93
food,94
sucks,94
world,94
watching,94
walk,96
exactly,96
few,96
adorable,96
wrong,96
super,97
weekend,97
dope,98
coffee,98
fam,98
theres,99
away,99
later,99
won,99
place,99
many,99
least,100
funny,100
making,101
everyone,102
school,102
head,103
cool,104
trying,104
theyre,105
stay,105
pretty,105
flight,105
deserve,105
down,106
which,106
rest,106
relationship,106
play,107
almost,107
someone,107
ive,108
morning,109
hahahah,109
room,110
help,110
youll,111
another,111
hour,112
both,112
annoying,112
ya,112
wow,113
myself,113
keep,113
use,114
damn,114
favorite,114
break,114
doesnt,116
kind,116
worried,116
god,116
wish,116
left,117
every,117
most,118
huh,118
james,118
ok,119
care,119
around,120
wanted,120
guy,120
went,120
days,120
girl,122
because,123
phone,125
working,125
com,126
drunk,128
literally,128
little,128
lets,129
whats,129
min,130
new,131
money,131
ve,132
tho,132
true,132
great,133
makes,133
meet,134
promise,134
put,134
those,134
family,134
gym,135
person,136
thought,139
hard,140
into,141
bring,141
talking,142
made,144
hes,144
soon,144
nothing,144
two,144
ask,144
guys,146
friend,146
leave,147
coming,148
haha,149
week,149
yet,150
wtf,150
friends,151
hi,151
dinner,152
find,153
okie,155
d,157
definitely,158
already,160
kinda,160
other,160
again,162
eat,164
first,164
until,164
people,165
wont,165
weird,165
his,166
fine,167
very,167
stuff,168
has,168
try,168
together,168
wyd,169
same,172
us,173
before,175
things,175
next,176
workout,178
who,178
https,179
by,180
last,184
hate,184
life,184
does,187
long,188
perfect,190
tonight,190
kk,194
doing,196
though,197
send,198
u,200
yay,200
bed,200
give,202
goodnight,203
watch,203
shit,207
getting,207
told,208
any,209
being,210
done,210
our,212
course,212
didn,212
way,213
text,214
over,215
hope,216
cute,217
thanks,221
off,221
only,223
lmao,223
didnt,226
everything,227
sleep,228
been,230
cant,238
here,241
buddy,241
let,242
might,243
something,243
bad,245
wait,246
fuck,246
after,247
ever,247
thank,251
best,251
fun,255
sure,259
w,259
night,260
work,260
than,264
hahahaha,267
am,268
omg,269
thing,270
where,274
honestly,275
daniel,275
some,276
look,278
day,280
better,286
nice,287
actually,295
had,298
lot,300
mean,301
excited,302
take,303
miss,303
ll,311
today,320
tomorrow,321
never,321
ur,321
talk,325
right,326
stop,330
from,332
always,335
could,336
even,341
maybe,342
happy,344
anything,347
call,349
probably,351
an,353
as,354
mom,360
should,363
idk,373
said,379
well,383
say,384
class,392
still,393
jessika,399
sad,408
come,409
sorry,412
wanna,436
tell,450
her,450
time,461
need,461
home,468
got,475
now,480
him,488
feel,490
there,492
also,493
more,493
were,504
see,519
back,532
then,533
make,534
them,538
ill,543
all,568
thats,586
re,621
bc,626
why,629
much,630
don,642
love,644
youre,672
out,687
too,701
going,709
she,717
this,758
would,771
they,783
one,794
oh,799
yes,805
will,816
or,833
okay,845
when,849
up,854
did,858
really,871
its,890
about,896
how,909
hahaha,924
at,947
gonna,947
think,963
go,1002
good,1015
on,1094
he,1113
dont,1130
with,1218
your,1229
if,1240
want,1269
lol,1401
can,1416
no,1432
omitted,1462
media,1465
was,1465
t,1466
know,1479
get,1545
are,1554
s,1557
what,1572
not,1584
im,1623
be,1658
we,1727
is,1747
of,1790
m,1820
in,1868
yeah,1875
but,1882
do,1883
for,1956
have,2023
just,2130
my,2293
so,2450
like,2463
that,2585
me,2771
a,3428
the,4315
it,4376
and,5336
to,5933
you,10618
i,13701
,56575
